This is LuaHBTeX, Version 1.24.0 (TeX Live 2026/Homebrew)  (format=lualatex 2026.3.1)  9 AUG 2026 17:19
 restricted system commands enabled.
 file:line:error style messages enabled.
**/Users/oliverhoenig/Dropbox/09_Development/00_repos/ba-ai-meeting-support/main
(/Users/oliverhoenig/Dropbox/09_Development/00_repos/ba-ai-meeting-support/main.tex
LaTeX2e <2025-11-01>
L3 programming layer <2026-01-19>
Lua module: luaotfload 2024-12-03 v3.29 Lua based OpenType font support
Lua module: lualibs 2023-07-13 v2.76 ConTeXt Lua standard libraries.
Lua module: lualibs-extended 2023-07-13 v2.76 ConTeXt Lua libraries -- extended collection.
luaotfload | conf : Root cache directory is "/opt/homebrew/Cellar/texlive/20260301/share/texmf-var/luatex-cache/generic/names".
luaotfload | init : Loading fontloader "fontloader-2023-12-28.lua" from kpse-resolved path "/opt/homebrew/Cellar/texlive/20260301/share/texmf-dist/tex/luatex/luaotfload/fontloader-2023-12-28.lua".
Lua-only attribute luaotfload@noligature = 1
luaotfload | init : Context OpenType loader version 3.134
Inserting `luaotfload.node_processor' in `pre_linebreak_filter'.
Inserting `luaotfload.node_processor' in `hpack_filter'.
Inserting `luaotfload.glyph_stream' in `glyph_stream_provider'.
Inserting `luaotfload.define_font' in `define_font'.
Lua-only attribute luaotfload_color_attribute = 2
luaotfload | conf : Root cache directory is "/opt/homebrew/Cellar/texlive/20260301/share/texmf-var/luatex-cache/generic/names".
Inserting `luaotfload.harf.strip_prefix' in `find_opentype_file'.
Inserting `luaotfload.harf.strip_prefix' in `find_truetype_file'.
Removing  `luaotfload.glyph_stream' from `glyph_stream_provider'.
Inserting `luaotfload.harf.glyphstream' in `glyph_stream_provider'.
Inserting `luaotfload.harf.finalize_vlist' in `post_linebreak_filter'.
Inserting `luaotfload.harf.finalize_hlist' in `hpack_filter'.
Inserting `luaotfload.cleanup_files' in `wrapup_run'.
Inserting `luaotfload.harf.finalize_unicode' in `finish_pdffile'.
Inserting `luaotfload.glyphinfo' in `glyph_info'.
Lua-only attribute luaotfload.letterspace_done = 3
Inserting `luaotfload.aux.set_sscale_dimens' in `luaotfload.patch_font'.
Inserting `luaotfload.aux.set_font_index' in `luaotfload.patch_font'.
Inserting `luaotfload.aux.patch_cambria_domh' in `luaotfload.patch_font'.
Inserting `luaotfload.aux.fixup_fontdata' in `luaotfload.patch_font_unsafe'.
Inserting `luaotfload.aux.set_capheight' in `luaotfload.patch_font'.
Inserting `luaotfload.aux.set_xheight' in `luaotfload.patch_font'.
Inserting `luaotfload.rewrite_fontname' in `luaotfload.patch_font'.
Inserting `tracingstacklevels' in `input_level_string'. (/opt/homebrew/Cellar/texlive/20260301/share/texmf-dist/tex/latex/pdfmanagement-testphase/pdfmanagement.sty
Package: pdfmanagement 2026-01-23 v0.96y LaTeX PDF management bundle
 (/opt/homebrew/Cellar/texlive/20260301/share/texmf-dist/tex/latex/tagpdf/tagpdf-base.sty
Package: tagpdf-base 2026-01-29 v0.99y part of tagpdf - provide base, no-op versions of the user commands 
\c@g__tag_MCID_abs_int=\count273
\c@g__tag_struct_abs_int=\count274
) (/opt/homebrew/Cellar/texlive/20260301/share/texmf-dist/tex/latex/pdfmanagement-testphase/pdfmanagement.ltx
File: pdfmanagement.ltx 2026-01-23 v0.96y PDF management code
\g__pdfmanagement_EmbeddedFiles_int=\count275
\l__pdfmeta_xmp_indent_int=\count276
\g_pdffile_embed_pdfa_int=\count277
\g_pdffile_embed_nonpdfa_int=\count278
) (/opt/homebrew/Cellar/texlive/20260301/share/texmf-dist/tex/latex/l3backend/l3backend-luatex.def
File: l3backend-luatex.def 2025-10-09 L3 backend support: PDF output (LuaTeX)
\l__color_backend_stack_int=\count279
Inserting `l3color' in `luaotfload.parse_color'.
Inserting `l3opacity' in `luaotfload.parse_transparent'.) (/opt/homebrew/Cellar/texlive/20260301/share/texmf-dist/tex/latex/pdfmanagement-testphase/l3backend-testphase-luatex.def
File: l3backend-testphase-luatex.def 2026-01-23 v0.96y LaTeX PDF management bundle backend support:PDFoutput(LuaTeX)
\l__pdf_backend_tmpa_box=\box53
\l__pdf_backend_tmpb_box=\box54
\g__pdf_backend_resourceid_int=\count280
\g__pdf_backend_name_int=\count281
\g__pdf_backend_page_int=\count282
Custom whatsit pdf_link_adjust_level = 1
Inserting `linksplit' in `pre_shipout_filter'.
Lua function pdflinkadjustlevel = 31)) (/opt/homebrew/Cellar/texlive/20260301/share/texmf-dist/tex/latex/pdfmanagement-testphase/pdfmanagement-firstaid.sty
Package: pdfmanagement-firstaid 2026-01-23 v0.96y LaTeX PDF management bundle / firstaid-patches

Package pdfmanagement Info: loading pdfmanagement firstaid code for pgf

) (/opt/homebrew/Cellar/texlive/20260301/share/texmf-dist/tex/latex/tuda-ci/tudapub.cls
Document Class: tudapub 2025-11-13 v4.05 Publications using TU Darmstadt's Corporate Design (TUDa-CI)
(/opt/homebrew/Cellar/texlive/20260301/share/texmf-dist/tex/latex/urcls/URspecialopts.sty (/opt/homebrew/Cellar/texlive/20260301/share/texmf-dist/tex/latex/l3kernel/expl3.sty
Package: expl3 2026-01-19 L3 programming layer (loader) 
)
Package: URspecialopts 2019/01/22 v2.1 Implementation of keyval-options accepting multiple values as grouped clists
 (/opt/homebrew/Cellar/texlive/20260301/share/texmf-dist/tex/latex/l3packages/l3keys2e/l3keys2e.sty
Package: l3keys2e 2025-10-09 LaTeX2e option processing using LaTeX3 keys
) (/opt/homebrew/Cellar/texlive/20260301/share/texmf-dist/tex/latex/l3packages/xparse/xparse.sty
Package: xparse 2025-10-09 L3 Experimental document command parser
))
\g_ptxcd_ruledheaders_int=\count283
\g_ptxcd_paper_int=\count284

Package tudapub Info: I detected usage of l3pdfmeta (\DocumentMetadata ) to
(tudapub)             create PDF/A.
(tudapub)             tudapub will not load pdfx to avoid conflicts.
(tudapub)             To disable this message use pdfx=false.


Package tudapub Info: You did not add a color profile.
(tudapub)             I will use the default one and automatically try to
(tudapub)             convert internal colors to RGB.
(tudapub)             This is required to be able to create PDF/A compliance.

 (/opt/homebrew/Cellar/texlive/20260301/share/texmf-dist/tex/latex/koma-script/scrreprt.cls
Document Class: scrreprt 2026/02/02 v3.49.2 KOMA-Script document class (report)
(/opt/homebrew/Cellar/texlive/20260301/share/texmf-dist/tex/latex/koma-script/scrkbase.sty
Package: scrkbase 2026/02/02 v3.49.2 KOMA-Script package (KOMA-Script-dependent basics and keyval usage)
 (/opt/homebrew/Cellar/texlive/20260301/share/texmf-dist/tex/latex/koma-script/scrbase.sty
Package: scrbase 2026/02/02 v3.49.2 KOMA-Script package (KOMA-Script-independent basics and keyval usage)
 (/opt/homebrew/Cellar/texlive/20260301/share/texmf-dist/tex/latex/koma-script/scrlfile.sty
Package: scrlfile 2026/02/02 v3.49.2 KOMA-Script package (file load hooks)
 (/opt/homebrew/Cellar/texlive/20260301/share/texmf-dist/tex/latex/koma-script/scrlfile-hook.sty
Package: scrlfile-hook 2026/02/02 v3.49.2 KOMA-Script package (using LaTeX hooks)
 (/opt/homebrew/Cellar/texlive/20260301/share/texmf-dist/tex/latex/koma-script/scrlogo.sty
Package: scrlogo 2026/02/02 v3.49.2 KOMA-Script package (logo)
))) (/opt/homebrew/Cellar/texlive/20260301/share/texmf-dist/tex/latex/graphics/keyval.sty
Package: keyval 2022/05/29 v1.15 key=value parser (DPC)
\KV@toks@=\toks17
)
Applying: [2021/05/01] Usage of raw or classic option list on input line 254.
Already applied: [0000/00/00] Usage of raw or classic option list on input line 370.
)) (/opt/homebrew/Cellar/texlive/20260301/share/texmf-dist/tex/latex/koma-script/tocbasic.sty
Package: tocbasic 2026/02/02 v3.49.2 KOMA-Script package (handling toc-files)
\scr@dte@tocline@numberwidth=\skip49
\scr@dte@tocline@numbox=\box55
)
Package tocbasic Info: omitting babel extension for `toc'
(tocbasic)             because of feature `nobabel' available
(tocbasic)             for `toc' on input line 143.
Class scrreprt Info: File `scrsize11pt.clo' used to setup font sizes on input line 2710.
 (/opt/homebrew/Cellar/texlive/20260301/share/texmf-dist/tex/latex/koma-script/scrsize11pt.clo
File: scrsize11pt.clo 2026/02/02 v3.49.2 KOMA-Script font size class option (11pt)
luaotfload | db : Font names database loaded from /opt/homebrew/Cellar/texlive/20260301/share/texmf-var/luatex-cache/generic/names/luaotfload-names.luc.gz) (/opt/homebrew/Cellar/texlive/20260301/share/texmf-dist/tex/latex/koma-script/typearea.sty
Package: typearea 2026/02/02 v3.49.2 KOMA-Script package (type area)
\ta@bcor=\skip50
\ta@div=\count285
\ta@hblk=\skip51
\ta@vblk=\skip52
\ta@temp=\skip53
\footheight=\skip54
Package typearea Info: These are the values describing the layout:
(typearea)             DIV  = 10
(typearea)             BCOR = 0.0pt
(typearea)             \paperwidth      = 597.50793pt
(typearea)              \textwidth      = 418.25555pt
(typearea)              DIV departure   = -6%
(typearea)              \evensidemargin = 17.3562pt
(typearea)              \oddsidemargin  = 17.3562pt
(typearea)             \paperheight     = 845.04694pt
(typearea)              \textheight     = 595.80026pt
(typearea)              \topmargin      = -25.16531pt
(typearea)              \headheight     = 17.0pt
(typearea)              \headsep        = 20.40001pt
(typearea)              \topskip        = 11.0pt
(typearea)              \footskip       = 47.6pt
(typearea)              \baselineskip   = 13.6pt
(typearea)              on input line 1810.
)
\c_scrreprt_cmdhook_cctab=\catcodetable14
\c@part=\count286
\c@chapter=\count287
\c@section=\count288
\c@subsection=\count289
\c@subsubsection=\count290
\c@paragraph=\count291
\c@subparagraph=\count292
\scr@dte@chapter@maxnumwidth=\skip55
Class scrreprt Info: using compatibility default `afterindent=bysign'
(scrreprt)           for `\chapter on input line 5934.
\scr@dte@section@maxnumwidth=\skip56
Class scrreprt Info: using compatibility default `runin=bysign'
(scrreprt)           for `\section on input line 5945.
Class scrreprt Info: using compatibility default `afterindent=bysign'
(scrreprt)           for `\section on input line 5945.
\scr@dte@part@maxnumwidth=\skip57
Class scrreprt Info: using compatibility default `afterindent=true'
(scrreprt)           for `\part on input line 5954.
\scr@dte@subsection@maxnumwidth=\skip58
Class scrreprt Info: using compatibility default `runin=bysign'
(scrreprt)           for `\subsection on input line 5964.
Class scrreprt Info: using compatibility default `afterindent=bysign'
(scrreprt)           for `\subsection on input line 5964.
\scr@dte@subsubsection@maxnumwidth=\skip59
Class scrreprt Info: using compatibility default `runin=bysign'
(scrreprt)           for `\subsubsection on input line 5974.
Class scrreprt Info: using compatibility default `afterindent=bysign'
(scrreprt)           for `\subsubsection on input line 5974.
\scr@dte@paragraph@maxnumwidth=\skip60
Class scrreprt Info: using compatibility default `runin=bysign'
(scrreprt)           for `\paragraph on input line 5985.
Class scrreprt Info: using compatibility default `afterindent=bysign'
(scrreprt)           for `\paragraph on input line 5985.
\scr@dte@subparagraph@maxnumwidth=\skip61
Class scrreprt Info: using compatibility default `runin=bysign'
(scrreprt)           for `\subparagraph on input line 5995.
Class scrreprt Info: using compatibility default `afterindent=bysign'
(scrreprt)           for `\subparagraph on input line 5995.
\abovecaptionskip=\skip62
\belowcaptionskip=\skip63
\c@pti@nb@sid@b@x=\box56
Package tocbasic Info: omitting babel extension for `lof'
(tocbasic)             because of feature `nobabel' available
(tocbasic)             for `lof' on input line 7225.
\scr@dte@figure@maxnumwidth=\skip64
\c@figure=\count293
Package tocbasic Info: omitting babel extension for `lot'
(tocbasic)             because of feature `nobabel' available
(tocbasic)             for `lot' on input line 7238.
\scr@dte@table@maxnumwidth=\skip65
\c@table=\count294
Class scrreprt Info: Redefining `\numberline' on input line 7409.
\bibindent=\dimen147
) (/opt/homebrew/Cellar/texlive/20260301/share/texmf-dist/tex/latex/tuda-ci/tudafonts.sty
Package: tudafonts 2025-11-13 4.05 font setup for TUDa-CI, TU Darmstadt's Corporate Design
 (/opt/homebrew/Cellar/texlive/20260301/share/texmf-dist/tex/generic/iftex/iftex.sty
Package: iftex 2024/12/12 v1.0g TeX engine tests
) (/opt/homebrew/Cellar/texlive/20260301/share/texmf-dist/tex/latex/anyfontsize/anyfontsize.sty
Package: anyfontsize 2007/11/22 anyfontsize.sty by pts
) (/opt/homebrew/Cellar/texlive/20260301/share/texmf-dist/tex/latex/fontspec/fontspec.sty
Package: fontspec 2025/09/29 v2.9g Font selection for XeLaTeX and LuaLaTeX
Lua module: fontspec 2025/09/29 v2.9g Font selection for XeLaTeX and LuaLaTeX (/opt/homebrew/Cellar/texlive/20260301/share/texmf-dist/tex/latex/fontspec/fontspec-luatex.sty
Package: fontspec-luatex 2025/09/29 v2.9g Font selection for XeLaTeX and LuaLaTeX
\l__fontspec_script_int=\count295
\l__fontspec_language_int=\count296
\l__fontspec_strnum_int=\count297
\l__fontspec_tmp_int=\count298
\l__fontspec_tmpa_int=\count299
\l__fontspec_tmpb_int=\count300
\l__fontspec_tmpc_int=\count301
\l__fontspec_em_int=\count302
\l__fontspec_emdef_int=\count303
\l__fontspec_strong_int=\count304
\l__fontspec_strongdef_int=\count305
\l__fontspec_tmpa_dim=\dimen148
\l__fontspec_tmpb_dim=\dimen149
\l__fontspec_tmpc_dim=\dimen150
 (/opt/homebrew/Cellar/texlive/20260301/share/texmf-dist/tex/latex/base/fontenc.sty
Package: fontenc 2025/07/18 v2.1d Standard LaTeX package
) (/opt/homebrew/Cellar/texlive/20260301/share/texmf-dist/tex/latex/fontspec/fontspec.cfg))) (/opt/homebrew/Cellar/texlive/20260301/share/texmf-dist/tex/latex/xcharter/XCharter.fontspec)

Package fontspec Info: 
(fontspec)             Font family 'XCharter(0)' created for font 'XCharter'
(fontspec)             with options [Ligatures=TeX,Extension =
(fontspec)             .otf,UprightFont = XCharter-Roman,BoldFont =
(fontspec)             XCharter-Bold,ItalicFont =
(fontspec)             XCharter-Italic,BoldItalicFont =
(fontspec)             XCharter-BoldItalic,SlantedFont =
(fontspec)             XCharter-Slanted,BoldSlantedFont =
(fontspec)             XCharter-BoldSlanted,SmallCapsFeatures =
(fontspec)             {Letters=SmallCaps}].
(fontspec)              
(fontspec)              This font family consists of the following NFSS
(fontspec)             series/shapes:
(fontspec)              
(fontspec)             - 'normal' (m/n) with NFSS spec.:
(fontspec)             <->"[XCharter-Roman.otf]:mode=node;script=latn;language=dflt;+tlig;"
(fontspec)             - 'small caps'  (m/sc) with NFSS spec.:
(fontspec)             <->"[XCharter-Roman.otf]:mode=node;script=latn;language=dflt;+tlig;+smcp;"
(fontspec)             - 'bold' (b/n) with NFSS spec.:
(fontspec)             <->"[XCharter-Bold.otf]:mode=node;script=latn;language=dflt;+tlig;"
(fontspec)             - 'bold small caps'  (b/sc) with NFSS spec.:
(fontspec)             <->"[XCharter-Bold.otf]:mode=node;script=latn;language=dflt;+tlig;+smcp;"
(fontspec)             - 'italic' (m/it) with NFSS spec.:
(fontspec)             <->"[XCharter-Italic.otf]:mode=node;script=latn;language=dflt;+tlig;"
(fontspec)             - 'italic small caps'  (m/scit) with NFSS spec.:
(fontspec)             <->"[XCharter-Italic.otf]:mode=node;script=latn;language=dflt;+tlig;+smcp;"
(fontspec)             - 'slanted' (m/sl) with NFSS spec.:
(fontspec)             <->"[XCharter-Slanted.otf]:mode=node;script=latn;language=dflt;+tlig;"
(fontspec)             - 'slanted small caps'  (m/scsl) with NFSS spec.:
(fontspec)             <->"[XCharter-Slanted.otf]:mode=node;script=latn;language=dflt;+tlig;+smcp;"
(fontspec)             - 'bold italic' (b/it) with NFSS spec.:
(fontspec)             <->"[XCharter-BoldItalic.otf]:mode=node;script=latn;language=dflt;+tlig;"
(fontspec)             - 'bold italic small caps'  (b/scit) with NFSS spec.:
(fontspec)             <->"[XCharter-BoldItalic.otf]:mode=node;script=latn;language=dflt;+tlig;+smcp;"
(fontspec)             - 'bold slanted' (b/sl) with NFSS spec.:
(fontspec)             <->"[XCharter-BoldSlanted.otf]:mode=node;script=latn;language=dflt;+tlig;"
(fontspec)             - 'bold slanted small caps'  (b/scsl) with NFSS spec.:
(fontspec)             <->"[XCharter-BoldSlanted.otf]:mode=node;script=latn;language=dflt;+tlig;+smcp;"

 (/opt/homebrew/Cellar/texlive/20260301/share/texmf-dist/tex/latex/roboto/roboto.sty
Package: roboto 2022/09/10 (Bob Tennent) Supports Roboto fonts for all LaTeX engines.
 (/opt/homebrew/Cellar/texlive/20260301/share/texmf-dist/tex/generic/iftex/ifxetex.sty
Package: ifxetex 2019/10/25 v0.7 ifxetex legacy package. Use iftex instead.
) (/opt/homebrew/Cellar/texlive/20260301/share/texmf-dist/tex/generic/iftex/ifluatex.sty
Package: ifluatex 2019/10/25 v1.5 ifluatex legacy package. Use iftex instead.
) (/opt/homebrew/Cellar/texlive/20260301/share/texmf-dist/tex/latex/xkeyval/xkeyval.sty
Package: xkeyval 2025/11/04 v2.10 package option processing (HA)
 (/opt/homebrew/Cellar/texlive/20260301/share/texmf-dist/tex/generic/xkeyval/xkeyval.tex (/opt/homebrew/Cellar/texlive/20260301/share/texmf-dist/tex/generic/xkeyval/xkvutils.tex
\XKV@toks=\toks18
\XKV@tempa@toks=\toks19
\XKV@tempb@toks=\toks20
)
\XKV@depth=\count306
File: xkeyval.tex 2014/12/03 v2.7a key=value parser (HA)
)) (/opt/homebrew/Cellar/texlive/20260301/share/texmf-dist/tex/latex/base/textcomp.sty
Package: textcomp 2024/04/24 v2.1b Standard LaTeX package
)

Package fontspec Info: 
(fontspec)             Roboto-Regular scale = 1.


Package fontspec Info: 
(fontspec)             Roboto-Regular scale = 1.


Package fontspec Info: 
(fontspec)             Roboto-Regular scale = 1.


Package fontspec Info: 
(fontspec)             Roboto-Bold scale = 1.


Package fontspec Info: 
(fontspec)             Roboto-Bold scale = 1.


Package fontspec Info: 
(fontspec)             Roboto-Italic scale = 1.


Package fontspec Info: 
(fontspec)             Roboto-Italic scale = 1.


Package fontspec Info: 
(fontspec)             Roboto-BoldItalic scale = 1.


Package fontspec Info: 
(fontspec)             Roboto-BoldItalic scale = 1.


Package fontspec Info: 
(fontspec)             Font family 'Roboto(0)' created for font 'Roboto' with
(fontspec)             options [Ligatures = TeX,Scale = 1,Extension =
(fontspec)             .otf,Ligatures=TeX,Numbers =
(fontspec)             {Proportional,Lining},UprightFont =
(fontspec)             *-Regular,ItalicFont = *-Italic,BoldFont =
(fontspec)             *-Bold,BoldItalicFont = *-BoldItalic].
(fontspec)              
(fontspec)              This font family consists of the following NFSS
(fontspec)             series/shapes:
(fontspec)              
(fontspec)             - 'normal' (m/n) with NFSS spec.:
(fontspec)             <->s*[1]"[Roboto-Regular.otf]:mode=node;script=latn;language=dflt;+tlig;+pnum;+lnum;"
(fontspec)             - 'small caps'  (m/sc) with NFSS spec.:
(fontspec)             <->s*[1]"[Roboto-Regular.otf]:mode=node;script=latn;language=dflt;+tlig;+pnum;+lnum;+smcp;"
(fontspec)             - 'bold' (b/n) with NFSS spec.:
(fontspec)             <->s*[1]"[Roboto-Bold.otf]:mode=node;script=latn;language=dflt;+tlig;+pnum;+lnum;"
(fontspec)             - 'bold small caps'  (b/sc) with NFSS spec.:
(fontspec)             <->s*[1]"[Roboto-Bold.otf]:mode=node;script=latn;language=dflt;+tlig;+pnum;+lnum;+smcp;"
(fontspec)             - 'italic' (m/it) with NFSS spec.:
(fontspec)             <->s*[1]"[Roboto-Italic.otf]:mode=node;script=latn;language=dflt;+tlig;+pnum;+lnum;"
(fontspec)             - 'italic small caps'  (m/scit) with NFSS spec.:
(fontspec)             <->s*[1]"[Roboto-Italic.otf]:mode=node;script=latn;language=dflt;+tlig;+pnum;+lnum;+smcp;"
(fontspec)             - 'bold italic' (b/it) with NFSS spec.:
(fontspec)             <->s*[1]"[Roboto-BoldItalic.otf]:mode=node;script=latn;language=dflt;+tlig;+pnum;+lnum;"
(fontspec)             - 'bold italic small caps'  (b/scit) with NFSS spec.:
(fontspec)             <->s*[1]"[Roboto-BoldItalic.otf]:mode=node;script=latn;language=dflt;+tlig;+pnum;+lnum;+smcp;"


Package fontspec Info: 
(fontspec)             Roboto-Regular scale = 1.


Package fontspec Info: 
(fontspec)             Roboto-Regular scale = 1.


Package fontspec Info: 
(fontspec)             Roboto-Regular scale = 1.


Package fontspec Info: 
(fontspec)             Roboto-Bold scale = 1.


Package fontspec Info: 
(fontspec)             Roboto-Bold scale = 1.


Package fontspec Info: 
(fontspec)             Roboto-Italic scale = 1.


Package fontspec Info: 
(fontspec)             Roboto-Italic scale = 1.


Package fontspec Info: 
(fontspec)             Roboto-BoldItalic scale = 1.


Package fontspec Info: 
(fontspec)             Roboto-BoldItalic scale = 1.


Package fontspec Info: 
(fontspec)             Font family 'Roboto(1)' created for font 'Roboto' with
(fontspec)             options [Ligatures = TeX,Scale = 1,Extension =
(fontspec)             .otf,Numbers = {Proportional,Lining},UprightFont =
(fontspec)             *-Regular,ItalicFont = *-Italic,BoldFont =
(fontspec)             *-Bold,BoldItalicFont = *-BoldItalic].
(fontspec)              
(fontspec)              This font family consists of the following NFSS
(fontspec)             series/shapes:
(fontspec)              
(fontspec)             - 'normal' (m/n) with NFSS spec.:
(fontspec)             <->s*[1]"[Roboto-Regular.otf]:mode=node;script=latn;language=dflt;+tlig;+pnum;+lnum;"
(fontspec)             - 'small caps'  (m/sc) with NFSS spec.:
(fontspec)             <->s*[1]"[Roboto-Regular.otf]:mode=node;script=latn;language=dflt;+tlig;+pnum;+lnum;+smcp;"
(fontspec)             - 'bold' (b/n) with NFSS spec.:
(fontspec)             <->s*[1]"[Roboto-Bold.otf]:mode=node;script=latn;language=dflt;+tlig;+pnum;+lnum;"
(fontspec)             - 'bold small caps'  (b/sc) with NFSS spec.:
(fontspec)             <->s*[1]"[Roboto-Bold.otf]:mode=node;script=latn;language=dflt;+tlig;+pnum;+lnum;+smcp;"
(fontspec)             - 'italic' (m/it) with NFSS spec.:
(fontspec)             <->s*[1]"[Roboto-Italic.otf]:mode=node;script=latn;language=dflt;+tlig;+pnum;+lnum;"
(fontspec)             - 'italic small caps'  (m/scit) with NFSS spec.:
(fontspec)             <->s*[1]"[Roboto-Italic.otf]:mode=node;script=latn;language=dflt;+tlig;+pnum;+lnum;+smcp;"
(fontspec)             - 'bold italic' (b/it) with NFSS spec.:
(fontspec)             <->s*[1]"[Roboto-BoldItalic.otf]:mode=node;script=latn;language=dflt;+tlig;+pnum;+lnum;"
(fontspec)             - 'bold italic small caps'  (b/scit) with NFSS spec.:
(fontspec)             <->s*[1]"[Roboto-BoldItalic.otf]:mode=node;script=latn;language=dflt;+tlig;+pnum;+lnum;+smcp;"


Package fontspec Info: 
(fontspec)             RobotoCondensed-Regular scale = 1.


Package fontspec Info: 
(fontspec)             RobotoCondensed-Regular scale = 1.


Package fontspec Info: 
(fontspec)             RobotoCondensed-Regular scale = 1.


Package fontspec Info: 
(fontspec)             RobotoCondensed-Bold scale = 1.


Package fontspec Info: 
(fontspec)             RobotoCondensed-Bold scale = 1.


Package fontspec Info: 
(fontspec)             RobotoCondensed-Italic scale = 1.


Package fontspec Info: 
(fontspec)             RobotoCondensed-Italic scale = 1.


Package fontspec Info: 
(fontspec)             RobotoCondensed-BoldItalic scale = 1.


Package fontspec Info: 
(fontspec)             RobotoCondensed-BoldItalic scale = 1.


Package fontspec Info: 
(fontspec)             Font family 'RobotoCondensed(0)' created for font
(fontspec)             'RobotoCondensed' with options [Ligatures = TeX,Scale =
(fontspec)             1,Extension = .otf,Numbers =
(fontspec)             {Proportional,Lining},UprightFont =
(fontspec)             *-Regular,ItalicFont = *-Italic,BoldFont =
(fontspec)             *-Bold,BoldItalicFont = *-BoldItalic].
(fontspec)              
(fontspec)              This font family consists of the following NFSS
(fontspec)             series/shapes:
(fontspec)              
(fontspec)             - 'normal' (m/n) with NFSS spec.:
(fontspec)             <->s*[1]"[RobotoCondensed-Regular.otf]:mode=node;script=latn;language=dflt;+tlig;+pnum;+lnum;"
(fontspec)             - 'small caps'  (m/sc) with NFSS spec.:
(fontspec)             <->s*[1]"[RobotoCondensed-Regular.otf]:mode=node;script=latn;language=dflt;+tlig;+pnum;+lnum;+smcp;"
(fontspec)             - 'bold' (b/n) with NFSS spec.:
(fontspec)             <->s*[1]"[RobotoCondensed-Bold.otf]:mode=node;script=latn;language=dflt;+tlig;+pnum;+lnum;"
(fontspec)             - 'bold small caps'  (b/sc) with NFSS spec.:
(fontspec)             <->s*[1]"[RobotoCondensed-Bold.otf]:mode=node;script=latn;language=dflt;+tlig;+pnum;+lnum;+smcp;"
(fontspec)             - 'italic' (m/it) with NFSS spec.:
(fontspec)             <->s*[1]"[RobotoCondensed-Italic.otf]:mode=node;script=latn;language=dflt;+tlig;+pnum;+lnum;"
(fontspec)             - 'italic small caps'  (m/scit) with NFSS spec.:
(fontspec)             <->s*[1]"[RobotoCondensed-Italic.otf]:mode=node;script=latn;language=dflt;+tlig;+pnum;+lnum;+smcp;"
(fontspec)             - 'bold italic' (b/it) with NFSS spec.:
(fontspec)             <->s*[1]"[RobotoCondensed-BoldItalic.otf]:mode=node;script=latn;language=dflt;+tlig;+pnum;+lnum;"
(fontspec)             - 'bold italic small caps'  (b/scit) with NFSS spec.:
(fontspec)             <->s*[1]"[RobotoCondensed-BoldItalic.otf]:mode=node;script=latn;language=dflt;+tlig;+pnum;+lnum;+smcp;"


Package fontspec Info: 
(fontspec)             RobotoCondensed-Bold scale = 1.


Package fontspec Info: 
(fontspec)             RobotoCondensed-Bold scale = 1.


Package fontspec Info: 
(fontspec)             RobotoCondensed-Bold scale = 1.


Package fontspec Info: 
(fontspec)             RobotoCondensed-Bold scale = 1.


Package fontspec Info: 
(fontspec)             RobotoCondensed-Bold scale = 1.


Package fontspec Info: 
(fontspec)             RobotoCondensed-BoldItalic scale = 1.


Package fontspec Info: 
(fontspec)             RobotoCondensed-BoldItalic scale = 1.


Package fontspec Info: 
(fontspec)             RobotoCondensed-BoldItalic scale = 1.


Package fontspec Info: 
(fontspec)             RobotoCondensed-BoldItalic scale = 1.


Package fontspec Info: 
(fontspec)             Font family 'RobotoCondensed(1)' created for font
(fontspec)             'RobotoCondensed' with options [Ligatures = TeX,Scale =
(fontspec)             1,Extension = .otf,Numbers =
(fontspec)             {Proportional,Lining},UprightFont = *-Bold,ItalicFont =
(fontspec)             *-BoldItalic,BoldFont = *-Bold,BoldItalicFont =
(fontspec)             *-BoldItalic].
(fontspec)              
(fontspec)              This font family consists of the following NFSS
(fontspec)             series/shapes:
(fontspec)              
(fontspec)             - 'normal' (m/n) with NFSS spec.:
(fontspec)             <->s*[1]"[RobotoCondensed-Bold.otf]:mode=node;script=latn;language=dflt;+tlig;+pnum;+lnum;"
(fontspec)             - 'small caps'  (m/sc) with NFSS spec.:
(fontspec)             <->s*[1]"[RobotoCondensed-Bold.otf]:mode=node;script=latn;language=dflt;+tlig;+pnum;+lnum;+smcp;"
(fontspec)             - 'bold' (b/n) with NFSS spec.:
(fontspec)             <->s*[1]"[RobotoCondensed-Bold.otf]:mode=node;script=latn;language=dflt;+tlig;+pnum;+lnum;"
(fontspec)             - 'bold small caps'  (b/sc) with NFSS spec.:
(fontspec)             <->s*[1]"[RobotoCondensed-Bold.otf]:mode=node;script=latn;language=dflt;+tlig;+pnum;+lnum;+smcp;"
(fontspec)             - 'italic' (m/it) with NFSS spec.:
(fontspec)             <->s*[1]"[RobotoCondensed-BoldItalic.otf]:mode=node;script=latn;language=dflt;+tlig;+pnum;+lnum;"
(fontspec)             - 'italic small caps'  (m/scit) with NFSS spec.:
(fontspec)             <->s*[1]"[RobotoCondensed-BoldItalic.otf]:mode=node;script=latn;language=dflt;+tlig;+pnum;+lnum;+smcp;"
(fontspec)             - 'bold italic' (b/it) with NFSS spec.:
(fontspec)             <->s*[1]"[RobotoCondensed-BoldItalic.otf]:mode=node;script=latn;language=dflt;+tlig;+pnum;+lnum;"
(fontspec)             - 'bold italic small caps'  (b/scit) with NFSS spec.:
(fontspec)             <->s*[1]"[RobotoCondensed-BoldItalic.otf]:mode=node;script=latn;language=dflt;+tlig;+pnum;+lnum;+smcp;"


Package fontspec Info: 
(fontspec)             RobotoSlab-Regular scale = 1.


Package fontspec Info: 
(fontspec)             RobotoSlab-Regular scale = 1.


Package fontspec Info: 
(fontspec)             RobotoSlab-Regular scale = 1.


Package fontspec Info: 
(fontspec)             RobotoSlab-Bold scale = 1.


Package fontspec Info: 
(fontspec)             RobotoSlab-Bold scale = 1.


Package fontspec Info: 
(fontspec)             Font family 'RobotoSlab(0)' created for font
(fontspec)             'RobotoSlab' with options [Ligatures = TeX,Scale =
(fontspec)             1,Extension = .otf,UprightFont = *-Regular,BoldFont =
(fontspec)             *-Bold].
(fontspec)              
(fontspec)              This font family consists of the following NFSS
(fontspec)             series/shapes:
(fontspec)              
(fontspec)             - 'normal' (m/n) with NFSS spec.:
(fontspec)             <->s*[1]"[RobotoSlab-Regular.otf]:mode=node;script=DFLT;language=dflt;+tlig;"
(fontspec)             - 'small caps'  (m/sc) with NFSS spec.:
(fontspec)             <->s*[1]"[RobotoSlab-Regular.otf]:mode=node;script=DFLT;language=dflt;+tlig;+smcp;"
(fontspec)             - 'bold' (b/n) with NFSS spec.:
(fontspec)             <->s*[1]"[RobotoSlab-Bold.otf]:mode=node;script=DFLT;language=dflt;+tlig;"
(fontspec)             - 'bold small caps'  (b/sc) with NFSS spec.:
(fontspec)             <->s*[1]"[RobotoSlab-Bold.otf]:mode=node;script=DFLT;language=dflt;+tlig;+smcp;"


Package fontspec Info: 
(fontspec)             Roboto-Regular scale = 1.


Package fontspec Info: 
(fontspec)             Roboto-Regular scale = 1.


Package fontspec Info: 
(fontspec)             Roboto-Regular scale = 1.


Package fontspec Info: 
(fontspec)             Roboto-Italic scale = 1.


Package fontspec Info: 
(fontspec)             Roboto-Italic scale = 1.


Package fontspec Info: 
(fontspec)             Font family 'Roboto(2)' created for font 'Roboto' with
(fontspec)             options [Ligatures = TeX,Scale = 1,Extension =
(fontspec)             .otf,Numbers = {Proportional,Lining},UprightFont =
(fontspec)             *-Regular,ItalicFont = *-Italic].
(fontspec)              
(fontspec)              This font family consists of the following NFSS
(fontspec)             series/shapes:
(fontspec)              
(fontspec)             - 'normal' (m/n) with NFSS spec.:
(fontspec)             <->s*[1]"[Roboto-Regular.otf]:mode=node;script=latn;language=dflt;+tlig;+pnum;+lnum;"
(fontspec)             - 'small caps'  (m/sc) with NFSS spec.:
(fontspec)             <->s*[1]"[Roboto-Regular.otf]:mode=node;script=latn;language=dflt;+tlig;+pnum;+lnum;+smcp;"
(fontspec)             - 'italic' (m/it) with NFSS spec.:
(fontspec)             <->s*[1]"[Roboto-Italic.otf]:mode=node;script=latn;language=dflt;+tlig;+pnum;+lnum;"
(fontspec)             - 'italic small caps'  (m/scit) with NFSS spec.:
(fontspec)             <->s*[1]"[Roboto-Italic.otf]:mode=node;script=latn;language=dflt;+tlig;+pnum;+lnum;+smcp;"


Package fontspec Info: 
(fontspec)             Roboto-Medium scale = 1.


Package fontspec Info: 
(fontspec)             Roboto-Medium scale = 1.


Package fontspec Info: 
(fontspec)             Roboto-Medium scale = 1.


Package fontspec Info: 
(fontspec)             Roboto-MediumItalic scale = 1.


Package fontspec Info: 
(fontspec)             Roboto-MediumItalic scale = 1.


Package fontspec Info: 
(fontspec)             Font family 'Roboto(3)' created for font 'Roboto' with
(fontspec)             options [Ligatures = TeX,Scale = 1,Extension =
(fontspec)             .otf,Numbers = {Proportional,Lining},UprightFont =
(fontspec)             *-Medium,ItalicFont = *-MediumItalic].
(fontspec)              
(fontspec)              This font family consists of the following NFSS
(fontspec)             series/shapes:
(fontspec)              
(fontspec)             - 'normal' (m/n) with NFSS spec.:
(fontspec)             <->s*[1]"[Roboto-Medium.otf]:mode=node;script=latn;language=dflt;+tlig;+pnum;+lnum;"
(fontspec)             - 'small caps'  (m/sc) with NFSS spec.:
(fontspec)             <->s*[1]"[Roboto-Medium.otf]:mode=node;script=latn;language=dflt;+tlig;+pnum;+lnum;+smcp;"
(fontspec)             - 'italic' (m/it) with NFSS spec.:
(fontspec)             <->s*[1]"[Roboto-MediumItalic.otf]:mode=node;script=latn;language=dflt;+tlig;+pnum;+lnum;"
(fontspec)             - 'italic small caps'  (m/scit) with NFSS spec.:
(fontspec)             <->s*[1]"[Roboto-MediumItalic.otf]:mode=node;script=latn;language=dflt;+tlig;+pnum;+lnum;+smcp;"


Package fontspec Info: 
(fontspec)             Roboto-Thin scale = 1.


Package fontspec Info: 
(fontspec)             Roboto-Thin scale = 1.


Package fontspec Info: 
(fontspec)             Roboto-Thin scale = 1.


Package fontspec Info: 
(fontspec)             Roboto-ThinItalic scale = 1.


Package fontspec Info: 
(fontspec)             Roboto-ThinItalic scale = 1.


Package fontspec Info: 
(fontspec)             Font family 'Roboto(4)' created for font 'Roboto' with
(fontspec)             options [Ligatures = TeX,Scale = 1,Extension =
(fontspec)             .otf,Numbers = {Proportional,Lining},UprightFont =
(fontspec)             *-Thin,ItalicFont = *-ThinItalic].
(fontspec)              
(fontspec)              This font family consists of the following NFSS
(fontspec)             series/shapes:
(fontspec)              
(fontspec)             - 'normal' (m/n) with NFSS spec.:
(fontspec)             <->s*[1]"[Roboto-Thin.otf]:mode=node;script=latn;language=dflt;+tlig;+pnum;+lnum;"
(fontspec)             - 'small caps'  (m/sc) with NFSS spec.:
(fontspec)             <->s*[1]"[Roboto-Thin.otf]:mode=node;script=latn;language=dflt;+tlig;+pnum;+lnum;+smcp;"
(fontspec)             - 'italic' (m/it) with NFSS spec.:
(fontspec)             <->s*[1]"[Roboto-ThinItalic.otf]:mode=node;script=latn;language=dflt;+tlig;+pnum;+lnum;"
(fontspec)             - 'italic small caps'  (m/scit) with NFSS spec.:
(fontspec)             <->s*[1]"[Roboto-ThinItalic.otf]:mode=node;script=latn;language=dflt;+tlig;+pnum;+lnum;+smcp;"


Package fontspec Info: 
(fontspec)             Roboto-Light scale = 1.


Package fontspec Info: 
(fontspec)             Roboto-Light scale = 1.


Package fontspec Info: 
(fontspec)             Roboto-Light scale = 1.


Package fontspec Info: 
(fontspec)             Roboto-LightItalic scale = 1.


Package fontspec Info: 
(fontspec)             Roboto-LightItalic scale = 1.


Package fontspec Info: 
(fontspec)             Font family 'Roboto(5)' created for font 'Roboto' with
(fontspec)             options [Ligatures = TeX,Scale = 1,Extension =
(fontspec)             .otf,Numbers = {Proportional,Lining},UprightFont =
(fontspec)             *-Light,ItalicFont = *-LightItalic].
(fontspec)              
(fontspec)              This font family consists of the following NFSS
(fontspec)             series/shapes:
(fontspec)              
(fontspec)             - 'normal' (m/n) with NFSS spec.:
(fontspec)             <->s*[1]"[Roboto-Light.otf]:mode=node;script=latn;language=dflt;+tlig;+pnum;+lnum;"
(fontspec)             - 'small caps'  (m/sc) with NFSS spec.:
(fontspec)             <->s*[1]"[Roboto-Light.otf]:mode=node;script=latn;language=dflt;+tlig;+pnum;+lnum;+smcp;"
(fontspec)             - 'italic' (m/it) with NFSS spec.:
(fontspec)             <->s*[1]"[Roboto-LightItalic.otf]:mode=node;script=latn;language=dflt;+tlig;+pnum;+lnum;"
(fontspec)             - 'italic small caps'  (m/scit) with NFSS spec.:
(fontspec)             <->s*[1]"[Roboto-LightItalic.otf]:mode=node;script=latn;language=dflt;+tlig;+pnum;+lnum;+smcp;"


Package fontspec Info: 
(fontspec)             Roboto-Bold scale = 1.


Package fontspec Info: 
(fontspec)             Roboto-Bold scale = 1.


Package fontspec Info: 
(fontspec)             Roboto-Bold scale = 1.


Package fontspec Info: 
(fontspec)             Roboto-BoldItalic scale = 1.


Package fontspec Info: 
(fontspec)             Roboto-BoldItalic scale = 1.


Package fontspec Info: 
(fontspec)             Font family 'Roboto(6)' created for font 'Roboto' with
(fontspec)             options [Ligatures = TeX,Scale = 1,Extension =
(fontspec)             .otf,Numbers = {Proportional,Lining},UprightFont =
(fontspec)             *-Bold,ItalicFont = *-BoldItalic].
(fontspec)              
(fontspec)              This font family consists of the following NFSS
(fontspec)             series/shapes:
(fontspec)              
(fontspec)             - 'normal' (m/n) with NFSS spec.:
(fontspec)             <->s*[1]"[Roboto-Bold.otf]:mode=node;script=latn;language=dflt;+tlig;+pnum;+lnum;"
(fontspec)             - 'small caps'  (m/sc) with NFSS spec.:
(fontspec)             <->s*[1]"[Roboto-Bold.otf]:mode=node;script=latn;language=dflt;+tlig;+pnum;+lnum;+smcp;"
(fontspec)             - 'italic' (m/it) with NFSS spec.:
(fontspec)             <->s*[1]"[Roboto-BoldItalic.otf]:mode=node;script=latn;language=dflt;+tlig;+pnum;+lnum;"
(fontspec)             - 'italic small caps'  (m/scit) with NFSS spec.:
(fontspec)             <->s*[1]"[Roboto-BoldItalic.otf]:mode=node;script=latn;language=dflt;+tlig;+pnum;+lnum;+smcp;"


Package fontspec Info: 
(fontspec)             Roboto-Black scale = 1.


Package fontspec Info: 
(fontspec)             Roboto-Black scale = 1.


Package fontspec Info: 
(fontspec)             Roboto-Black scale = 1.


Package fontspec Info: 
(fontspec)             Roboto-BlackItalic scale = 1.


Package fontspec Info: 
(fontspec)             Roboto-BlackItalic scale = 1.


Package fontspec Info: 
(fontspec)             Font family 'Roboto(7)' created for font 'Roboto' with
(fontspec)             options [Ligatures = TeX,Scale = 1,Extension =
(fontspec)             .otf,Numbers = {Proportional,Lining},UprightFont =
(fontspec)             *-Black,ItalicFont = *-BlackItalic].
(fontspec)              
(fontspec)              This font family consists of the following NFSS
(fontspec)             series/shapes:
(fontspec)              
(fontspec)             - 'normal' (m/n) with NFSS spec.:
(fontspec)             <->s*[1]"[Roboto-Black.otf]:mode=node;script=latn;language=dflt;+tlig;+pnum;+lnum;"
(fontspec)             - 'small caps'  (m/sc) with NFSS spec.:
(fontspec)             <->s*[1]"[Roboto-Black.otf]:mode=node;script=latn;language=dflt;+tlig;+pnum;+lnum;+smcp;"
(fontspec)             - 'italic' (m/it) with NFSS spec.:
(fontspec)             <->s*[1]"[Roboto-BlackItalic.otf]:mode=node;script=latn;language=dflt;+tlig;+pnum;+lnum;"
(fontspec)             - 'italic small caps'  (m/scit) with NFSS spec.:
(fontspec)             <->s*[1]"[Roboto-BlackItalic.otf]:mode=node;script=latn;language=dflt;+tlig;+pnum;+lnum;+smcp;"


Package fontspec Info: 
(fontspec)             Roboto-Regular scale = 1.


Package fontspec Info: 
(fontspec)             Roboto-Regular scale = 1.


Package fontspec Info: 
(fontspec)             Roboto-Regular scale = 1.


Package fontspec Info: 
(fontspec)             Roboto-Bold scale = 1.


Package fontspec Info: 
(fontspec)             Roboto-Bold scale = 1.


Package fontspec Info: 
(fontspec)             Roboto-Italic scale = 1.


Package fontspec Info: 
(fontspec)             Roboto-Italic scale = 1.


Package fontspec Info: 
(fontspec)             Roboto-BoldItalic scale = 1.


Package fontspec Info: 
(fontspec)             Roboto-BoldItalic scale = 1.


Package fontspec Info: 
(fontspec)             Font family 'Roboto(8)' created for font 'Roboto' with
(fontspec)             options [Ligatures = TeX,Scale = 1,Extension =
(fontspec)             .otf,Numbers = {Proportional,OldStyle},UprightFont =
(fontspec)             *-Regular,ItalicFont = *-Italic,BoldFont =
(fontspec)             *-Bold,BoldItalicFont = *-BoldItalic].
(fontspec)              
(fontspec)              This font family consists of the following NFSS
(fontspec)             series/shapes:
(fontspec)              
(fontspec)             - 'normal' (m/n) with NFSS spec.:
(fontspec)             <->s*[1]"[Roboto-Regular.otf]:mode=node;script=latn;language=dflt;+tlig;+pnum;+onum;"
(fontspec)             - 'small caps'  (m/sc) with NFSS spec.:
(fontspec)             <->s*[1]"[Roboto-Regular.otf]:mode=node;script=latn;language=dflt;+tlig;+pnum;+onum;+smcp;"
(fontspec)             - 'bold' (b/n) with NFSS spec.:
(fontspec)             <->s*[1]"[Roboto-Bold.otf]:mode=node;script=latn;language=dflt;+tlig;+pnum;+onum;"
(fontspec)             - 'bold small caps'  (b/sc) with NFSS spec.:
(fontspec)             <->s*[1]"[Roboto-Bold.otf]:mode=node;script=latn;language=dflt;+tlig;+pnum;+onum;+smcp;"
(fontspec)             - 'italic' (m/it) with NFSS spec.:
(fontspec)             <->s*[1]"[Roboto-Italic.otf]:mode=node;script=latn;language=dflt;+tlig;+pnum;+onum;"
(fontspec)             - 'italic small caps'  (m/scit) with NFSS spec.:
(fontspec)             <->s*[1]"[Roboto-Italic.otf]:mode=node;script=latn;language=dflt;+tlig;+pnum;+onum;+smcp;"
(fontspec)             - 'bold italic' (b/it) with NFSS spec.:
(fontspec)             <->s*[1]"[Roboto-BoldItalic.otf]:mode=node;script=latn;language=dflt;+tlig;+pnum;+onum;"
(fontspec)             - 'bold italic small caps'  (b/scit) with NFSS spec.:
(fontspec)             <->s*[1]"[Roboto-BoldItalic.otf]:mode=node;script=latn;language=dflt;+tlig;+pnum;+onum;+smcp;"


Package fontspec Info: 
(fontspec)             Roboto-Regular scale = 1.


Package fontspec Info: 
(fontspec)             Roboto-Regular scale = 1.


Package fontspec Info: 
(fontspec)             Roboto-Regular scale = 1.


Package fontspec Info: 
(fontspec)             Roboto-Regular scale = 1.


Package fontspec Info: 
(fontspec)             Roboto-Bold scale = 1.


Package fontspec Info: 
(fontspec)             Roboto-Bold scale = 1.


Package fontspec Info: 
(fontspec)             Roboto-Italic scale = 1.


Package fontspec Info: 
(fontspec)             Roboto-Italic scale = 1.


Package fontspec Info: 
(fontspec)             Roboto-BoldItalic scale = 1.


Package fontspec Info: 
(fontspec)             Roboto-BoldItalic scale = 1.


Package fontspec Info: 
(fontspec)             Font family 'Roboto(9)' created for font 'Roboto' with
(fontspec)             options [Ligatures = TeX,Scale = 1,Extension =
(fontspec)             .otf,Numbers = {Monospaced,Lining},UprightFont =
(fontspec)             *-Regular,ItalicFont = *-Italic,BoldFont =
(fontspec)             *-Bold,BoldItalicFont = *-BoldItalic].
(fontspec)              
(fontspec)              This font family consists of the following NFSS
(fontspec)             series/shapes:
(fontspec)              
(fontspec)             - 'normal' (m/n) with NFSS spec.:
(fontspec)             <->s*[1]"[Roboto-Regular.otf]:mode=node;script=latn;language=dflt;+tlig;+tnum;+lnum;"
(fontspec)             - 'small caps'  (m/sc) with NFSS spec.:
(fontspec)             <->s*[1]"[Roboto-Regular.otf]:mode=node;script=latn;language=dflt;+tlig;+tnum;+lnum;+smcp;"
(fontspec)             - 'bold' (b/n) with NFSS spec.:
(fontspec)             <->s*[1]"[Roboto-Bold.otf]:mode=node;script=latn;language=dflt;+tlig;+tnum;+lnum;"
(fontspec)             - 'bold small caps'  (b/sc) with NFSS spec.:
(fontspec)             <->s*[1]"[Roboto-Bold.otf]:mode=node;script=latn;language=dflt;+tlig;+tnum;+lnum;+smcp;"
(fontspec)             - 'italic' (m/it) with NFSS spec.:
(fontspec)             <->s*[1]"[Roboto-Italic.otf]:mode=node;script=latn;language=dflt;+tlig;+tnum;+lnum;"
(fontspec)             - 'italic small caps'  (m/scit) with NFSS spec.:
(fontspec)             <->s*[1]"[Roboto-Italic.otf]:mode=node;script=latn;language=dflt;+tlig;+tnum;+lnum;+smcp;"
(fontspec)             - 'bold italic' (b/it) with NFSS spec.:
(fontspec)             <->s*[1]"[Roboto-BoldItalic.otf]:mode=node;script=latn;language=dflt;+tlig;+tnum;+lnum;"
(fontspec)             - 'bold italic small caps'  (b/scit) with NFSS spec.:
(fontspec)             <->s*[1]"[Roboto-BoldItalic.otf]:mode=node;script=latn;language=dflt;+tlig;+tnum;+lnum;+smcp;"


Package fontspec Info: 
(fontspec)             Roboto-Regular scale = 1.


Package fontspec Info: 
(fontspec)             Roboto-Regular scale = 1.


Package fontspec Info: 
(fontspec)             Roboto-Regular scale = 1.


Package fontspec Info: 
(fontspec)             Roboto-Bold scale = 1.


Package fontspec Info: 
(fontspec)             Roboto-Bold scale = 1.


Package fontspec Info: 
(fontspec)             Roboto-Italic scale = 1.


Package fontspec Info: 
(fontspec)             Roboto-Italic scale = 1.


Package fontspec Info: 
(fontspec)             Roboto-BoldItalic scale = 1.


Package fontspec Info: 
(fontspec)             Roboto-BoldItalic scale = 1.


Package fontspec Info: 
(fontspec)             Font family 'Roboto(10)' created for font 'Roboto' with
(fontspec)             options [Ligatures = TeX,Scale = 1,Extension =
(fontspec)             .otf,Numbers = {Monospaced,OldStyle},UprightFont =
(fontspec)             *-Regular,ItalicFont = *-Italic,BoldFont =
(fontspec)             *-Bold,BoldItalicFont = *-BoldItalic].
(fontspec)              
(fontspec)              This font family consists of the following NFSS
(fontspec)             series/shapes:
(fontspec)              
(fontspec)             - 'normal' (m/n) with NFSS spec.:
(fontspec)             <->s*[1]"[Roboto-Regular.otf]:mode=node;script=latn;language=dflt;+tlig;+tnum;+onum;"
(fontspec)             - 'small caps'  (m/sc) with NFSS spec.:
(fontspec)             <->s*[1]"[Roboto-Regular.otf]:mode=node;script=latn;language=dflt;+tlig;+tnum;+onum;+smcp;"
(fontspec)             - 'bold' (b/n) with NFSS spec.:
(fontspec)             <->s*[1]"[Roboto-Bold.otf]:mode=node;script=latn;language=dflt;+tlig;+tnum;+onum;"
(fontspec)             - 'bold small caps'  (b/sc) with NFSS spec.:
(fontspec)             <->s*[1]"[Roboto-Bold.otf]:mode=node;script=latn;language=dflt;+tlig;+tnum;+onum;+smcp;"
(fontspec)             - 'italic' (m/it) with NFSS spec.:
(fontspec)             <->s*[1]"[Roboto-Italic.otf]:mode=node;script=latn;language=dflt;+tlig;+tnum;+onum;"
(fontspec)             - 'italic small caps'  (m/scit) with NFSS spec.:
(fontspec)             <->s*[1]"[Roboto-Italic.otf]:mode=node;script=latn;language=dflt;+tlig;+tnum;+onum;+smcp;"
(fontspec)             - 'bold italic' (b/it) with NFSS spec.:
(fontspec)             <->s*[1]"[Roboto-BoldItalic.otf]:mode=node;script=latn;language=dflt;+tlig;+tnum;+onum;"
(fontspec)             - 'bold italic small caps'  (b/scit) with NFSS spec.:
(fontspec)             <->s*[1]"[Roboto-BoldItalic.otf]:mode=node;script=latn;language=dflt;+tlig;+tnum;+onum;+smcp;"

)
luaotfload | cache : Lookup cache loaded from /opt/homebrew/Cellar/texlive/20260301/share/texmf-var/luatex-cache/generic/names/luaotfload-lookup-cache.luc.

Package fontspec Info: 
(fontspec)             Could not resolve font "Roboto-BlackItalic/B" (it
(fontspec)             probably doesn't exist).


Package fontspec Info: 
(fontspec)             Could not resolve font "Roboto-Black/BI" (it probably
(fontspec)             doesn't exist).


Package fontspec Info: 
(fontspec)             Could not resolve font "Roboto-Black/B" (it probably
(fontspec)             doesn't exist).


Package fontspec Info: 
(fontspec)             Font family 'Roboto(11)' created for font 'Roboto' with
(fontspec)             options [Numbers = {Proportional,Lining},UprightFont =
(fontspec)             *-Black,ItalicFont =
(fontspec)             *-BlackItalic,LetterSpace=26,WordSpace=2.2].
(fontspec)              
(fontspec)              This font family consists of the following NFSS
(fontspec)             series/shapes:
(fontspec)              
(fontspec)             - 'normal' (m/n) with NFSS spec.:
(fontspec)             <->"name:Roboto-Black:mode=node;script=latn;language=dflt;letterspace=26;+pnum;+lnum;"
(fontspec)             - 'small caps'  (m/sc) with NFSS spec.:
(fontspec)             <->"name:Roboto-Black:mode=node;script=latn;language=dflt;letterspace=26;+pnum;+lnum;+smcp;"
(fontspec)             and font adjustment code:
(fontspec)             \fontdimen 2\font =2.2\fontdimen 2\font \fontdimen
(fontspec)             3\font =2.2\fontdimen 3\font \fontdimen 4\font
(fontspec)             =2.2\fontdimen 4\font 
(fontspec)             - 'italic' (m/it) with NFSS spec.:
(fontspec)             <->"name:Roboto-BlackItalic:mode=node;script=latn;language=dflt;letterspace=26;+pnum;+lnum;"
(fontspec)             - 'italic small caps'  (m/scit) with NFSS spec.:
(fontspec)             <->"name:Roboto-BlackItalic:mode=node;script=latn;language=dflt;letterspace=26;+pnum;+lnum;+smcp;"
(fontspec)             and font adjustment code:
(fontspec)             \fontdimen 2\font =2.2\fontdimen 2\font \fontdimen
(fontspec)             3\font =2.2\fontdimen 3\font \fontdimen 4\font
(fontspec)             =2.2\fontdimen 4\font 

 (/opt/homebrew/Cellar/texlive/20260301/share/texmf-dist/tex/latex/roboto/roboto-mono.sty
Package: roboto-mono 2022/09/10 (Bob Tennent) Supports RobotoMono fonts for all LaTeX engines.

Package fontspec Info: 
(fontspec)             RobotoMono-Regular scale = 1.


Package fontspec Info: 
(fontspec)             RobotoMono-Regular scale = 1.


Package fontspec Info: 
(fontspec)             RobotoMono-Regular scale = 1.


Package fontspec Info: 
(fontspec)             RobotoMono-Bold scale = 1.


Package fontspec Info: 
(fontspec)             RobotoMono-Bold scale = 1.


Package fontspec Info: 
(fontspec)             RobotoMono-Italic scale = 1.


Package fontspec Info: 
(fontspec)             RobotoMono-Italic scale = 1.


Package fontspec Info: 
(fontspec)             RobotoMono-BoldItalic scale = 1.


Package fontspec Info: 
(fontspec)             RobotoMono-BoldItalic scale = 1.


Package fontspec Info: 
(fontspec)             Font family 'RobotoMono(0)' created for font
(fontspec)             'RobotoMono' with options [HyphenChar=None,Scale =
(fontspec)             1,Extension =
(fontspec)             .otf,WordSpace={1,0,0},HyphenChar=None,PunctuationSpace=WordSpace,UprightFont
(fontspec)             = *-Regular,ItalicFont = *-Italic,BoldFont =
(fontspec)             *-Bold,BoldItalicFont = *-BoldItalic].
(fontspec)              
(fontspec)              This font family consists of the following NFSS
(fontspec)             series/shapes:
(fontspec)              
(fontspec)             - 'normal' (m/n) with NFSS spec.:
(fontspec)             <->s*[1]"[RobotoMono-Regular.otf]:mode=node;script=DFLT;language=dflt;"
(fontspec)             - 'small caps'  (m/sc) with NFSS spec.:
(fontspec)             <->s*[1]"[RobotoMono-Regular.otf]:mode=node;script=DFLT;language=dflt;+smcp;"
(fontspec)             and font adjustment code:
(fontspec)             \fontdimen 2\font =1\fontdimen 2\font \fontdimen 3\font
(fontspec)             =0\fontdimen 3\font \fontdimen 4\font =0\fontdimen
(fontspec)             4\font \fontdimen 7\font =0\fontdimen 2\font
(fontspec)             \tex_hyphenchar:D \font =-1\scan_stop:
(fontspec)             \tex_hyphenchar:D \font =-1\scan_stop: 
(fontspec)             - 'bold' (b/n) with NFSS spec.:
(fontspec)             <->s*[1]"[RobotoMono-Bold.otf]:mode=node;script=DFLT;language=dflt;"
(fontspec)             - 'bold small caps'  (b/sc) with NFSS spec.:
(fontspec)             <->s*[1]"[RobotoMono-Bold.otf]:mode=node;script=DFLT;language=dflt;+smcp;"
(fontspec)             and font adjustment code:
(fontspec)             \fontdimen 2\font =1\fontdimen 2\font \fontdimen 3\font
(fontspec)             =0\fontdimen 3\font \fontdimen 4\font =0\fontdimen
(fontspec)             4\font \fontdimen 7\font =0\fontdimen 2\font
(fontspec)             \tex_hyphenchar:D \font =-1\scan_stop:
(fontspec)             \tex_hyphenchar:D \font =-1\scan_stop: 
(fontspec)             - 'italic' (m/it) with NFSS spec.:
(fontspec)             <->s*[1]"[RobotoMono-Italic.otf]:mode=node;script=DFLT;language=dflt;"
(fontspec)             - 'italic small caps'  (m/scit) with NFSS spec.:
(fontspec)             <->s*[1]"[RobotoMono-Italic.otf]:mode=node;script=DFLT;language=dflt;+smcp;"
(fontspec)             and font adjustment code:
(fontspec)             \fontdimen 2\font =1\fontdimen 2\font \fontdimen 3\font
(fontspec)             =0\fontdimen 3\font \fontdimen 4\font =0\fontdimen
(fontspec)             4\font \fontdimen 7\font =0\fontdimen 2\font
(fontspec)             \tex_hyphenchar:D \font =-1\scan_stop:
(fontspec)             \tex_hyphenchar:D \font =-1\scan_stop: 
(fontspec)             - 'bold italic' (b/it) with NFSS spec.:
(fontspec)             <->s*[1]"[RobotoMono-BoldItalic.otf]:mode=node;script=DFLT;language=dflt;"
(fontspec)             - 'bold italic small caps'  (b/scit) with NFSS spec.:
(fontspec)             <->s*[1]"[RobotoMono-BoldItalic.otf]:mode=node;script=DFLT;language=dflt;+smcp;"
(fontspec)             and font adjustment code:
(fontspec)             \fontdimen 2\font =1\fontdimen 2\font \fontdimen 3\font
(fontspec)             =0\fontdimen 3\font \fontdimen 4\font =0\fontdimen
(fontspec)             4\font \fontdimen 7\font =0\fontdimen 2\font
(fontspec)             \tex_hyphenchar:D \font =-1\scan_stop:
(fontspec)             \tex_hyphenchar:D \font =-1\scan_stop: 


Package fontspec Info: 
(fontspec)             RobotoMono-Regular scale = 1.


Package fontspec Info: 
(fontspec)             RobotoMono-Regular scale = 1.


Package fontspec Info: 
(fontspec)             RobotoMono-Regular scale = 1.


Package fontspec Info: 
(fontspec)             RobotoMono-Bold scale = 1.


Package fontspec Info: 
(fontspec)             RobotoMono-Bold scale = 1.


Package fontspec Info: 
(fontspec)             RobotoMono-Italic scale = 1.


Package fontspec Info: 
(fontspec)             RobotoMono-Italic scale = 1.


Package fontspec Info: 
(fontspec)             RobotoMono-BoldItalic scale = 1.


Package fontspec Info: 
(fontspec)             RobotoMono-BoldItalic scale = 1.


Package fontspec Info: 
(fontspec)             Font family 'RobotoMono(1)' created for font
(fontspec)             'RobotoMono' with options [HyphenChar=None,Scale =
(fontspec)             1,Extension = .otf,UprightFont = *-Regular,ItalicFont =
(fontspec)             *-Italic,BoldFont = *-Bold,BoldItalicFont =
(fontspec)             *-BoldItalic].
(fontspec)              
(fontspec)              This font family consists of the following NFSS
(fontspec)             series/shapes:
(fontspec)              
(fontspec)             - 'normal' (m/n) with NFSS spec.:
(fontspec)             <->s*[1]"[RobotoMono-Regular.otf]:mode=node;script=DFLT;language=dflt;"
(fontspec)             - 'small caps'  (m/sc) with NFSS spec.:
(fontspec)             <->s*[1]"[RobotoMono-Regular.otf]:mode=node;script=DFLT;language=dflt;+smcp;"
(fontspec)             and font adjustment code:
(fontspec)             \tex_hyphenchar:D \font =-1\scan_stop: 
(fontspec)             - 'bold' (b/n) with NFSS spec.:
(fontspec)             <->s*[1]"[RobotoMono-Bold.otf]:mode=node;script=DFLT;language=dflt;"
(fontspec)             - 'bold small caps'  (b/sc) with NFSS spec.:
(fontspec)             <->s*[1]"[RobotoMono-Bold.otf]:mode=node;script=DFLT;language=dflt;+smcp;"
(fontspec)             and font adjustment code:
(fontspec)             \tex_hyphenchar:D \font =-1\scan_stop: 
(fontspec)             - 'italic' (m/it) with NFSS spec.:
(fontspec)             <->s*[1]"[RobotoMono-Italic.otf]:mode=node;script=DFLT;language=dflt;"
(fontspec)             - 'italic small caps'  (m/scit) with NFSS spec.:
(fontspec)             <->s*[1]"[RobotoMono-Italic.otf]:mode=node;script=DFLT;language=dflt;+smcp;"
(fontspec)             and font adjustment code:
(fontspec)             \tex_hyphenchar:D \font =-1\scan_stop: 
(fontspec)             - 'bold italic' (b/it) with NFSS spec.:
(fontspec)             <->s*[1]"[RobotoMono-BoldItalic.otf]:mode=node;script=DFLT;language=dflt;"
(fontspec)             - 'bold italic small caps'  (b/scit) with NFSS spec.:
(fontspec)             <->s*[1]"[RobotoMono-BoldItalic.otf]:mode=node;script=DFLT;language=dflt;+smcp;"
(fontspec)             and font adjustment code:
(fontspec)             \tex_hyphenchar:D \font =-1\scan_stop: 


Package fontspec Info: 
(fontspec)             RobotoMono-Regular scale = 1.


Package fontspec Info: 
(fontspec)             RobotoMono-Regular scale = 1.


Package fontspec Info: 
(fontspec)             RobotoMono-Regular scale = 1.


Package fontspec Info: 
(fontspec)             RobotoMono-Italic scale = 1.


Package fontspec Info: 
(fontspec)             RobotoMono-Italic scale = 1.


Package fontspec Info: 
(fontspec)             Font family 'RobotoMono(2)' created for font
(fontspec)             'RobotoMono' with options [HyphenChar=None,Scale =
(fontspec)             1,Extension = .otf,UprightFont = *-Regular,ItalicFont =
(fontspec)             *-Italic].
(fontspec)              
(fontspec)              This font family consists of the following NFSS
(fontspec)             series/shapes:
(fontspec)              
(fontspec)             - 'normal' (m/n) with NFSS spec.:
(fontspec)             <->s*[1]"[RobotoMono-Regular.otf]:mode=node;script=DFLT;language=dflt;"
(fontspec)             - 'small caps'  (m/sc) with NFSS spec.:
(fontspec)             <->s*[1]"[RobotoMono-Regular.otf]:mode=node;script=DFLT;language=dflt;+smcp;"
(fontspec)             and font adjustment code:
(fontspec)             \tex_hyphenchar:D \font =-1\scan_stop: 
(fontspec)             - 'italic' (m/it) with NFSS spec.:
(fontspec)             <->s*[1]"[RobotoMono-Italic.otf]:mode=node;script=DFLT;language=dflt;"
(fontspec)             - 'italic small caps'  (m/scit) with NFSS spec.:
(fontspec)             <->s*[1]"[RobotoMono-Italic.otf]:mode=node;script=DFLT;language=dflt;+smcp;"
(fontspec)             and font adjustment code:
(fontspec)             \tex_hyphenchar:D \font =-1\scan_stop: 


Package fontspec Info: 
(fontspec)             RobotoMono-Medium scale = 1.


Package fontspec Info: 
(fontspec)             RobotoMono-Medium scale = 1.


Package fontspec Info: 
(fontspec)             RobotoMono-Medium scale = 1.


Package fontspec Info: 
(fontspec)             RobotoMono-MediumItalic scale = 1.


Package fontspec Info: 
(fontspec)             RobotoMono-MediumItalic scale = 1.


Package fontspec Info: 
(fontspec)             Font family 'RobotoMono(3)' created for font
(fontspec)             'RobotoMono' with options [HyphenChar=None,Scale =
(fontspec)             1,Extension = .otf,UprightFont = *-Medium,ItalicFont =
(fontspec)             *-MediumItalic].
(fontspec)              
(fontspec)              This font family consists of the following NFSS
(fontspec)             series/shapes:
(fontspec)              
(fontspec)             - 'normal' (m/n) with NFSS spec.:
(fontspec)             <->s*[1]"[RobotoMono-Medium.otf]:mode=node;script=DFLT;language=dflt;"
(fontspec)             - 'small caps'  (m/sc) with NFSS spec.:
(fontspec)             <->s*[1]"[RobotoMono-Medium.otf]:mode=node;script=DFLT;language=dflt;+smcp;"
(fontspec)             and font adjustment code:
(fontspec)             \tex_hyphenchar:D \font =-1\scan_stop: 
(fontspec)             - 'italic' (m/it) with NFSS spec.:
(fontspec)             <->s*[1]"[RobotoMono-MediumItalic.otf]:mode=node;script=DFLT;language=dflt;"
(fontspec)             - 'italic small caps'  (m/scit) with NFSS spec.:
(fontspec)             <->s*[1]"[RobotoMono-MediumItalic.otf]:mode=node;script=DFLT;language=dflt;+smcp;"
(fontspec)             and font adjustment code:
(fontspec)             \tex_hyphenchar:D \font =-1\scan_stop: 


Package fontspec Info: 
(fontspec)             RobotoMono-Thin scale = 1.


Package fontspec Info: 
(fontspec)             RobotoMono-Thin scale = 1.


Package fontspec Info: 
(fontspec)             RobotoMono-Thin scale = 1.


Package fontspec Info: 
(fontspec)             RobotoMono-ThinItalic scale = 1.


Package fontspec Info: 
(fontspec)             RobotoMono-ThinItalic scale = 1.


Package fontspec Info: 
(fontspec)             Font family 'RobotoMono(4)' created for font
(fontspec)             'RobotoMono' with options [HyphenChar=None,Scale =
(fontspec)             1,Extension = .otf,UprightFont = *-Thin,ItalicFont =
(fontspec)             *-ThinItalic].
(fontspec)              
(fontspec)              This font family consists of the following NFSS
(fontspec)             series/shapes:
(fontspec)              
(fontspec)             - 'normal' (m/n) with NFSS spec.:
(fontspec)             <->s*[1]"[RobotoMono-Thin.otf]:mode=node;script=DFLT;language=dflt;"
(fontspec)             - 'small caps'  (m/sc) with NFSS spec.:
(fontspec)             <->s*[1]"[RobotoMono-Thin.otf]:mode=node;script=DFLT;language=dflt;+smcp;"
(fontspec)             and font adjustment code:
(fontspec)             \tex_hyphenchar:D \font =-1\scan_stop: 
(fontspec)             - 'italic' (m/it) with NFSS spec.:
(fontspec)             <->s*[1]"[RobotoMono-ThinItalic.otf]:mode=node;script=DFLT;language=dflt;"
(fontspec)             - 'italic small caps'  (m/scit) with NFSS spec.:
(fontspec)             <->s*[1]"[RobotoMono-ThinItalic.otf]:mode=node;script=DFLT;language=dflt;+smcp;"
(fontspec)             and font adjustment code:
(fontspec)             \tex_hyphenchar:D \font =-1\scan_stop: 


Package fontspec Info: 
(fontspec)             RobotoMono-Light scale = 1.


Package fontspec Info: 
(fontspec)             RobotoMono-Light scale = 1.


Package fontspec Info: 
(fontspec)             RobotoMono-Light scale = 1.


Package fontspec Info: 
(fontspec)             RobotoMono-LightItalic scale = 1.


Package fontspec Info: 
(fontspec)             RobotoMono-LightItalic scale = 1.


Package fontspec Info: 
(fontspec)             Font family 'RobotoMono(5)' created for font
(fontspec)             'RobotoMono' with options [HyphenChar=None,Scale =
(fontspec)             1,Extension = .otf,UprightFont = *-Light,ItalicFont =
(fontspec)             *-LightItalic].
(fontspec)              
(fontspec)              This font family consists of the following NFSS
(fontspec)             series/shapes:
(fontspec)              
(fontspec)             - 'normal' (m/n) with NFSS spec.:
(fontspec)             <->s*[1]"[RobotoMono-Light.otf]:mode=node;script=DFLT;language=dflt;"
(fontspec)             - 'small caps'  (m/sc) with NFSS spec.:
(fontspec)             <->s*[1]"[RobotoMono-Light.otf]:mode=node;script=DFLT;language=dflt;+smcp;"
(fontspec)             and font adjustment code:
(fontspec)             \tex_hyphenchar:D \font =-1\scan_stop: 
(fontspec)             - 'italic' (m/it) with NFSS spec.:
(fontspec)             <->s*[1]"[RobotoMono-LightItalic.otf]:mode=node;script=DFLT;language=dflt;"
(fontspec)             - 'italic small caps'  (m/scit) with NFSS spec.:
(fontspec)             <->s*[1]"[RobotoMono-LightItalic.otf]:mode=node;script=DFLT;language=dflt;+smcp;"
(fontspec)             and font adjustment code:
(fontspec)             \tex_hyphenchar:D \font =-1\scan_stop: 


Package fontspec Info: 
(fontspec)             RobotoMono-Bold scale = 1.


Package fontspec Info: 
(fontspec)             RobotoMono-Bold scale = 1.


Package fontspec Info: 
(fontspec)             RobotoMono-Bold scale = 1.


Package fontspec Info: 
(fontspec)             RobotoMono-BoldItalic scale = 1.


Package fontspec Info: 
(fontspec)             RobotoMono-BoldItalic scale = 1.


Package fontspec Info: 
(fontspec)             Font family 'RobotoMono(6)' created for font
(fontspec)             'RobotoMono' with options [HyphenChar=None,Scale =
(fontspec)             1,Extension = .otf,UprightFont = *-Bold,ItalicFont =
(fontspec)             *-BoldItalic].
(fontspec)              
(fontspec)              This font family consists of the following NFSS
(fontspec)             series/shapes:
(fontspec)              
(fontspec)             - 'normal' (m/n) with NFSS spec.:
(fontspec)             <->s*[1]"[RobotoMono-Bold.otf]:mode=node;script=DFLT;language=dflt;"
(fontspec)             - 'small caps'  (m/sc) with NFSS spec.:
(fontspec)             <->s*[1]"[RobotoMono-Bold.otf]:mode=node;script=DFLT;language=dflt;+smcp;"
(fontspec)             and font adjustment code:
(fontspec)             \tex_hyphenchar:D \font =-1\scan_stop: 
(fontspec)             - 'italic' (m/it) with NFSS spec.:
(fontspec)             <->s*[1]"[RobotoMono-BoldItalic.otf]:mode=node;script=DFLT;language=dflt;"
(fontspec)             - 'italic small caps'  (m/scit) with NFSS spec.:
(fontspec)             <->s*[1]"[RobotoMono-BoldItalic.otf]:mode=node;script=DFLT;language=dflt;+smcp;"
(fontspec)             and font adjustment code:
(fontspec)             \tex_hyphenchar:D \font =-1\scan_stop: 

)
LaTeX Info: Redefining \LaTeX on input line 100.
) (/opt/homebrew/Cellar/texlive/20260301/share/texmf-dist/tex/latex/tuda-ci/tudacolors.sty
Package: tudacolors 2025-11-13 v4.05 Color definition for TU Darmstadt's tuda-ci bundle
 (/opt/homebrew/Cellar/texlive/20260301/share/texmf-dist/tex/latex/xcolor/xcolor.sty
Package: xcolor 2024/09/29 v3.02 LaTeX color extensions (UK)
 (/opt/homebrew/Cellar/texlive/20260301/share/texmf-dist/tex/latex/graphics-cfg/color.cfg
File: color.cfg 2016/01/02 v1.6 sample color configuration
)
Package xcolor Info: Driver file: luatex.def on input line 274.
 (/opt/homebrew/Cellar/texlive/20260301/share/texmf-dist/tex/latex/graphics-def/luatex.def
File: luatex.def 2025/09/29 v1.2f Graphics/color driver for luatex
) (/opt/homebrew/Cellar/texlive/20260301/share/texmf-dist/tex/latex/graphics/mathcolor.ltx)
Package xcolor Info: Model `cmy' substituted by `cmy0' on input line 1349.
Package xcolor Info: Model `hsb' substituted by `rgb' on input line 1353.
Package xcolor Info: Model `RGB' extended on input line 1365.
Package xcolor Info: Model `HTML' substituted by `rgb' on input line 1367.
Package xcolor Info: Model `Hsb' substituted by `hsb' on input line 1368.
Package xcolor Info: Model `tHsb' substituted by `hsb' on input line 1369.
Package xcolor Info: Model `HSB' substituted by `hsb' on input line 1370.
Package xcolor Info: Model `Gray' substituted by `gray' on input line 1371.
Package xcolor Info: Model `wave' substituted by `hsb' on input line 1372.
) (/opt/homebrew/Cellar/texlive/20260301/share/texmf-dist/tex/latex/pdfmanagement-testphase/xcolor-patches-tmp-ltx.sty
Package: xcolor-patches-tmp-ltx 2026-01-23 v0.96y patch xcolor for l3color
) (/opt/homebrew/Cellar/texlive/20260301/share/texmf-dist/tex/latex/tuda-ci/tudacolors.def
File: tudacolors.def 2025-11-13 v4.05 Color definitions for tuda-ci
)) (/opt/homebrew/Cellar/texlive/20260301/share/texmf-dist/tex/latex/koma-script/scrlayer-scrpage.sty
Package: scrlayer-scrpage 2026/02/02 v3.49.2 KOMA-Script package (end user interface for scrlayer)
 (/opt/homebrew/Cellar/texlive/20260301/share/texmf-dist/tex/latex/koma-script/scrlayer.sty
Package: scrlayer 2026/02/02 v3.49.2 KOMA-Script package (defining layers and page styles)
Package scrlayer Info: patching LaTeX kernel macro \pagestyle on input line 2179.
)
Package scrlayer-scrpage Info: Makeing stand-alone element `pagehead' from
(scrlayer-scrpage)             alias to `pageheadfoot' on input line 1106.
) (/opt/homebrew/Cellar/texlive/20260301/share/texmf-dist/tex/latex/graphics/graphicx.sty
Package: graphicx 2024/12/31 v1.2e Enhanced LaTeX Graphics (DPC,SPQR)
 (/opt/homebrew/Cellar/texlive/20260301/share/texmf-dist/tex/latex/graphics/graphics.sty
Package: graphics 2024/08/06 v1.4g Standard LaTeX Graphics (DPC,SPQR)
 (/opt/homebrew/Cellar/texlive/20260301/share/texmf-dist/tex/latex/graphics/trig.sty
Package: trig 2023/12/02 v1.11 sin cos tan (DPC)
) (/opt/homebrew/Cellar/texlive/20260301/share/texmf-dist/tex/latex/graphics-cfg/graphics.cfg
File: graphics.cfg 2016/06/04 v1.11 sample graphics configuration
)
Package graphics Info: Driver file: luatex.def on input line 106.
)
\Gin@req@height=\dimen151
\Gin@req@width=\dimen152
) (/opt/homebrew/Cellar/texlive/20260301/share/texmf-dist/tex/latex/hyperref/hyperref.sty
Package: hyperref 2026-01-29 v7.01p Hypertext links for LaTeX
 (/opt/homebrew/Cellar/texlive/20260301/share/texmf-dist/tex/latex/kvsetkeys/kvsetkeys.sty
Package: kvsetkeys 2022-10-05 v1.19 Key value parser (HO)
) (/opt/homebrew/Cellar/texlive/20260301/share/texmf-dist/tex/generic/kvdefinekeys/kvdefinekeys.sty
Package: kvdefinekeys 2019-12-19 v1.6 Define keys (HO)
) (/opt/homebrew/Cellar/texlive/20260301/share/texmf-dist/tex/generic/pdfescape/pdfescape.sty
Package: pdfescape 2019/12/09 v1.15 Implements pdfTeX's escape features (HO)
 (/opt/homebrew/Cellar/texlive/20260301/share/texmf-dist/tex/generic/ltxcmds/ltxcmds.sty
Package: ltxcmds 2023-12-04 v1.26 LaTeX kernel commands for general use (HO)
) (/opt/homebrew/Cellar/texlive/20260301/share/texmf-dist/tex/generic/pdftexcmds/pdftexcmds.sty
Package: pdftexcmds 2020-06-27 v0.33 Utility functions of pdfTeX for LuaTeX (HO)
 (/opt/homebrew/Cellar/texlive/20260301/share/texmf-dist/tex/generic/infwarerr/infwarerr.sty
Package: infwarerr 2019/12/03 v1.5 Providing info/warning/error messages (HO)
)
Package pdftexcmds Info: \pdf@primitive is available.
Package pdftexcmds Info: \pdf@ifprimitive is available.
Package pdftexcmds Info: \pdfdraftmode found.
\pdftexcmds@toks=\toks21
)) (/opt/homebrew/Cellar/texlive/20260301/share/texmf-dist/tex/latex/hycolor/hycolor.sty
Package: hycolor 2020-01-27 v1.10 Color options for hyperref/bookmark (HO)
) (/opt/homebrew/Cellar/texlive/20260301/share/texmf-dist/tex/latex/hyperref/nameref.sty
Package: nameref 2026-01-29 v2.58 Cross-referencing by name of section
 (/opt/homebrew/Cellar/texlive/20260301/share/texmf-dist/tex/latex/refcount/refcount.sty
Package: refcount 2019/12/15 v3.6 Data extraction from label references (HO)
) (/opt/homebrew/Cellar/texlive/20260301/share/texmf-dist/tex/generic/gettitlestring/gettitlestring.sty
Package: gettitlestring 2019/12/15 v1.6 Cleanup title references (HO)
 (/opt/homebrew/Cellar/texlive/20260301/share/texmf-dist/tex/latex/kvoptions/kvoptions.sty
Package: kvoptions 2022-06-15 v3.15 Key value format for package options (HO)
))
\c@section@level=\count307
) (/opt/homebrew/Cellar/texlive/20260301/share/texmf-dist/tex/latex/etoolbox/etoolbox.sty
Package: etoolbox 2025/10/02 v2.5m e-TeX tools for LaTeX (JAW)
\etb@tempcnta=\count308
) (/opt/homebrew/Cellar/texlive/20260301/share/texmf-dist/tex/generic/stringenc/stringenc.sty
Package: stringenc 2019/11/29 v1.12 Convert strings between diff. encodings (HO)
)
\@linkdim=\dimen153
\Hy@linkcounter=\count309
\Hy@pagecounter=\count310
 (/opt/homebrew/Cellar/texlive/20260301/share/texmf-dist/tex/latex/hyperref/pd1enc.def
File: pd1enc.def 2026-01-29 v7.01p Hyperref: PDFDocEncoding definition (HO)
) (/opt/homebrew/Cellar/texlive/20260301/share/texmf-dist/tex/generic/intcalc/intcalc.sty
Package: intcalc 2019/12/15 v1.3 Expandable calculations with integers (HO)
)
\Hy@SavedSpaceFactor=\count311
 (/opt/homebrew/Cellar/texlive/20260301/share/texmf-dist/tex/latex/hyperref/puenc.def
File: puenc.def 2026-01-29 v7.01p Hyperref: PDF Unicode definition (HO)
)
Package hyperref Info: Option `unicode' set `true' on input line 4072.
Package hyperref Info: Hyper figures OFF on input line 4201.
Package hyperref Info: Link nesting OFF on input line 4206.
Package hyperref Info: Hyper index ON on input line 4209.
Package hyperref Info: Plain pages OFF on input line 4216.
Package hyperref Info: Backreferencing OFF on input line 4221.
Package hyperref Info: Implicit mode ON; LaTeX internals redefined.
Package hyperref Info: Bookmarks ON on input line 4468.
\c@Hy@tempcnt=\count312
 (/opt/homebrew/Cellar/texlive/20260301/share/texmf-dist/tex/latex/url/url.sty
\Urlmuskip=\muskip17
Package: url 2013/09/16  ver 3.4  Verb mode for urls, etc.
)
LaTeX Info: Redefining \url on input line 4807.
\XeTeXLinkMargin=\dimen154
 (/opt/homebrew/Cellar/texlive/20260301/share/texmf-dist/tex/generic/bitset/bitset.sty
Package: bitset 2019/12/09 v1.3 Handle bit-vector datatype (HO)
 (/opt/homebrew/Cellar/texlive/20260301/share/texmf-dist/tex/generic/bigintcalc/bigintcalc.sty
Package: bigintcalc 2019/12/15 v1.5 Expandable calculations on big integers (HO)
))
\Fld@menulength=\count313
\Field@Width=\dimen155
\Fld@charsize=\dimen156
Package hyperref Info: Hyper figures OFF on input line 6084.
Package hyperref Info: Link nesting OFF on input line 6089.
Package hyperref Info: Hyper index ON on input line 6092.
Package hyperref Info: backreferencing OFF on input line 6099.
Package hyperref Info: Link coloring OFF on input line 6104.
Package hyperref Info: Link coloring with OCG OFF on input line 6109.
Package hyperref Info: PDF/A mode OFF on input line 6114.
\Hy@abspage=\count314
\c@Item=\count315
\c@Hfootnote=\count316
)
Package hyperref Info: Driver (custom): hgeneric-testphase.
 (/opt/homebrew/Cellar/texlive/20260301/share/texmf-dist/tex/latex/pdfmanagement-testphase/hgeneric-testphase.def
File: hgeneric-testphase.def 2026-01-23 v0.96y generic Hyperref driver for the LaTeX PDF management bundle
 (/opt/homebrew/Cellar/texlive/20260301/share/texmf-dist/tex/latex/pdfmanagement-testphase/hyperref-colorschemes.def)
LaTeX Info: Redefining \href on input line 262.
LaTeX Info: Redefining \url on input line 348.
\l__hyp_tmpa_box=\box57
\l__hyp_tmpa_int=\count317
\l__hyp_dest_box=\box58
\g__hyp_linknestlevel_int=\count318
\HyAnn@Count=\count319
\Fld@listcount=\count320
\Hy@SectionHShift=\skip66
) (/opt/homebrew/Cellar/texlive/20260301/share/texmf-dist/tex/latex/bookmark/bookmark.sty
Package: bookmark 2023-12-10 v1.31 PDF bookmarks (HO)
 (/opt/homebrew/Cellar/texlive/20260301/share/texmf-dist/tex/latex/bookmark/bkm-pdftex.def
File: bkm-pdftex.def 2023-12-10 v1.31 bookmark driver for pdfTeX and luaTeX (HO)
\BKM@id=\count321
)) (/opt/homebrew/Cellar/texlive/20260301/share/texmf-dist/tex/latex/tuda-ci/tudarules.sty
Package: tudarules 2025-11-13 v4.05 Creation of colored bars for the tuda-ci bundle
\g_ptxcd_titlerule_dim=\dimen157
\c_ptxcd_largerule_dim=\dimen158
\c_ptxcd_rulesep_dim=\dimen159
\c_ptxcd_smallrule_dim=\dimen160
\c_ptxcd_logoheight_dim=\dimen161
\l_ptxcd_headrule_width_dim=\dimen162
) (/opt/homebrew/Cellar/texlive/20260301/share/texmf-dist/tex/latex/adjustbox/trimclip.sty
Package: trimclip 2025/02/21 v1.2a Trim and clip general TeX material
 (/opt/homebrew/Cellar/texlive/20260301/share/texmf-dist/tex/latex/collectbox/collectbox.sty
Package: collectbox 2022/10/17 v0.4c Collect macro arguments as boxes
\collectedbox=\box59
) (/opt/homebrew/Cellar/texlive/20260301/share/texmf-dist/tex/latex/adjustbox/adjcalc.sty
Package: adjcalc 2012/05/16 v1.1 Provides advanced setlength with multiple back-ends (calc, etex, pgfmath)
)
\tc@llx=\dimen163
\tc@lly=\dimen164
\tc@urx=\dimen165
\tc@ury=\dimen166
Package trimclip Info: Using driver 'tc-luatex.def'.
 (/opt/homebrew/Cellar/texlive/20260301/share/texmf-dist/tex/latex/adjustbox/tc-luatex.def
File: tc-luatex.def 2025/02/26 v1.1 Clipping driver for luatex
 (/opt/homebrew/Cellar/texlive/20260301/share/texmf-dist/tex/latex/adjustbox/tc-pdftex.def
File: tc-pdftex.def 2025/02/26 v2.3 Clipping driver for pdftex
)))
\g_ptxcd_marginpar_dim=\dimen167
\g_ptxcd_innerMargin_dim=\dimen168
\g_ptxcd_outerMargin_dim=\dimen169
\g_ptxcd_bottomMargin_dim=\dimen170
\g_ptxcd_topMargin_dim=\dimen171
\g_ptxcd_columnSep_dim=\dimen172
\g_ptxcd_headwidth_dim=\dimen173
\g_ptxcd_headheight_dim=\dimen174
Package typearea Info: These are the values describing the layout:
(typearea)             DIV  = 10
(typearea)             BCOR = 0.0pt
(typearea)             \paperwidth      = 597.50793pt
(typearea)              \textwidth      = 418.25555pt
(typearea)              DIV departure   = -7%
(typearea)              \evensidemargin = 17.3562pt
(typearea)              \oddsidemargin  = 17.3562pt
(typearea)             \paperheight     = 845.04694pt
(typearea)              \textheight     = 514.20023pt
(typearea)              \topmargin      = 12.2347pt
(typearea)              \headheight     = 17.0pt
(typearea)              \headsep        = 20.40001pt
(typearea)              \topskip        = 11.0pt
(typearea)              \footskip       = 47.6pt
(typearea)              \baselineskip   = 13.6pt
(typearea)              on input line 529.
\l__ptxcd_titlegraphic_box=\box60
\g_ptxcd_title_box=\box61
\g_ptxcd_title_fill_skip=\skip67
 (/opt/homebrew/Cellar/texlive/20260301/share/texmf-dist/tex/latex/tuda-ci/tuda-a4paper.clo
File: tuda-a4paper.clo 2025-11-13 v4.05 tuda-ci size adjustments for a4paper
)
\g_ptxcd_title_info_box=\box62
\ptxcd_title_headline_box=\box63
\g_ptxcd_sponsor_box=\box64
 (/opt/homebrew/Cellar/texlive/20260301/share/texmf-dist/tex/latex/tuda-ci/tudathesis.cfg
\g_ptxcd_thesis_institution_box=\box65
)
\g_ptxcd_PaperID_box=\box66
) (/opt/homebrew/Cellar/texlive/20260301/share/texmf-dist/tex/generic/babel/babel.sty
Package: babel 2026/02/14 v26.3 The multilingual framework for LuaLaTeX, pdfLaTeX and XeLaTeX
 (/opt/homebrew/Cellar/texlive/20260301/share/texmf-dist/tex/generic/babel/luababel.def
\bbl@readstream=\read2
\l@dumylang=\language2
Package babel Info: Non-standard hyphenation setup on input line 118.
\l@nohyphenation=\language3
\l@german-x-2024-02-28=\language4
\l@ngerman-x-2024-02-28=\language5
\l@afrikaans=\language6
\l@albanian=\language7
\l@ancientgreek=\language8
\l@ibycus=\language9
\l@arabic=\language10
\l@armenian=\language11
\l@basque=\language12
\l@belarusian=\language13
\l@bulgarian=\language14
\l@catalan=\language15
\l@pinyin=\language16
\l@churchslavonic=\language17
\l@coptic=\language18
\l@croatian=\language19
\l@czech=\language20
\l@danish=\language21
\l@dutch=\language22
\l@ukenglish=\language23
\l@usenglishmax=\language24
\l@esperanto=\language25
\l@estonian=\language26
\l@ethiopic=\language27
\l@farsi=\language28
\l@finnish=\language29
\l@schoolfinnish=\language30
\l@french=\language31
\l@friulan=\language32
\l@galician=\language33
\l@georgian=\language34
\l@german=\language35
\l@ngerman=\language36
\l@swissgerman=\language37
\l@greek=\language38
\l@monogreek=\language39
\l@hebrew=\language40
\l@hungarian=\language41
\l@icelandic=\language42
\l@assamese=\language43
\l@bengali=\language44
\l@gujarati=\language45
\l@hindi=\language46
\l@kannada=\language47
\l@malayalam=\language48
\l@marathi=\language49
\l@oriya=\language50
\l@pali=\language51
\l@panjabi=\language52
\l@tamil=\language53
\l@telugu=\language54
\l@indonesian=\language55
\l@interlingua=\language56
\l@irish=\language57
\l@italian=\language58
\l@kazakh=\language59
\l@kurmanji=\language60
\l@classiclatin=\language61
\l@latin=\language62
\l@liturgicallatin=\language63
\l@latvian=\language64
\l@lithuanian=\language65
\l@macedonian=\language66
\l@mongolian=\language67
\l@mongolianlmc=\language68
\l@bokmal=\language69
\l@nynorsk=\language70
\l@occitan=\language71
\l@piedmontese=\language72
\l@polish=\language73
\l@portuguese=\language74
\l@romanian=\language75
\l@romansh=\language76
\l@russian=\language77
\l@sanskrit=\language78
\l@serbian=\language79
\l@serbianc=\language80
\l@slovak=\language81
\l@slovenian=\language82
\l@spanish=\language83
\l@swedish=\language84
\l@thai=\language85
\l@turkish=\language86
\l@turkmen=\language87
\l@ukrainian=\language88
\l@uppersorbian=\language89
\l@vietnamese=\language90
\l@welsh=\language91
\babelcatcodetablenum=\catcodetable15
\bbl@pattcodes=\catcodetable16
)
\babel@savecnt=\count322
LaTeX Encoding Info:    Redeclaring text command \ij (encoding OT1) on input line 2078.
LaTeX Encoding Info:    Redeclaring text command \IJ (encoding OT1) on input line 2080.
LaTeX Encoding Info:    Redeclaring text command \ij (encoding T1) on input line 2082.
LaTeX Encoding Info:    Redeclaring text command \IJ (encoding T1) on input line 2083.
LaTeX Encoding Info:    Ignoring declaration for text command \ij (encoding ?) on input line 2084.
LaTeX Encoding Info:    Ignoring declaration for text command \IJ (encoding ?) on input line 2086.
LaTeX Encoding Info:    Ignoring declaration for text command \SS (encoding ?) on input line 2111.
\U@D=\dimen175
\l@unhyphenated=\language92
 (/opt/homebrew/Cellar/texlive/20260301/share/texmf-dist/tex/generic/babel/luababel.def
\bbl@attr@locale=\attribute4
)
Package babel Info: Fetching locale name for tag en
(babel)             from babel-en.ini. Reported on input line 4184.
Package babel Info: Passing english to babel.
(babel)             This will be the main language except if
(babel)             explictly overriden with 'main='.
(babel)             Reported on input line 4192.
 (/opt/homebrew/Cellar/texlive/20260301/share/texmf-dist/tex/generic/babel/locale/en/babel-english.tex) (/opt/homebrew/Cellar/texlive/20260301/share/texmf-dist/tex/generic/babel/locale/de/babel-german.tex) (/opt/homebrew/Cellar/texlive/20260301/share/texmf-dist/tex/generic/babel/locale/en/babel-english.tex)

Package babel Warning: The name 'german' with the 'ldf' mechanism is
(babel)                currently assigned to the old 1901 variant of German.
(babel)                For modern post-1996 German, use the name 'ngerman'.
(babel)                Reported on input line 4330.

Package babel Info: Importing font and identification data for german
(babel)             from babel-de-1901.ini. Reported on input line 4330.
(/opt/homebrew/Cellar/texlive/20260301/share/texmf-dist/tex/generic/babel-german/german.ldf
Language: german 
 (/opt/homebrew/Cellar/texlive/20260301/share/texmf-dist/tex/generic/babel-german/babel-german.def
Package babel Info: Making " an active character on input line 470.
 (/opt/homebrew/Cellar/texlive/20260301/share/texmf-dist/tex/generic/hyph-utf8/loadhyph/loadhyph-de-1901.tex UTF-8 German hyphenation patterns (traditional orthography) (/opt/homebrew/Cellar/texlive/20260301/share/texmf-dist/tex/generic/hyph-utf8/patterns/tex/hyph-de-1901.tex German Hyphenation Patterns (Traditional Orthography) `dehypht-x' 2024-02-28 (WL)))))
Package babel Info: Importing font and identification data for english
(babel)             from babel-en.ini. Reported on input line 4330.
 (/opt/homebrew/Cellar/texlive/20260301/share/texmf-dist/tex/generic/babel-english/english.ldf
Language: english 2017/06/06 v3.3r English support from the babel system
Package babel Info: Hyphen rules for 'canadian' set to \l@english
(babel)             (\language0). Reported on input line 102.
Package babel Info: Hyphen rules for 'australian' set to \l@ukenglish
(babel)             (\language23). Reported on input line 105.
Package babel Info: Hyphen rules for 'newzealand' set to \l@ukenglish
(babel)             (\language23). Reported on input line 108.
)) (/opt/homebrew/Cellar/texlive/20260301/share/texmf-dist/tex/latex/microtype/microtype.sty
Package: microtype 2026/03/01 v3.2d Micro-typographical refinements (RS)
\MT@toks=\toks22
\MT@tempbox=\box67
\MT@count=\count323
LaTeX Info: Redefining \noprotrusionifhmode on input line 1084.
LaTeX Info: Redefining \leftprotrusion on input line 1085.
\MT@prot@toks=\toks23
LaTeX Info: Redefining \rightprotrusion on input line 1104.
LaTeX Info: Redefining \textls on input line 1449.
\MT@outer@kern=\dimen176
LaTeX Info: Redefining \microtypecontext on input line 2053.
LaTeX Info: Redefining \textmicrotypecontext on input line 2070.
\MT@listname@count=\count324
 (/opt/homebrew/Cellar/texlive/20260301/share/texmf-dist/tex/latex/microtype/microtype-luatex.def
File: microtype-luatex.def 2026/03/01 v3.2d Definitions specific to luatex (RS)
Lua module: microtype 2026/03/01 v3.2d microtype module.
Module microtype Info: overwriting function `keepligature' on input line 63
LaTeX Info: Redefining \lsstyle on input line 779.
LaTeX Info: Redefining \lslig on input line 779.
\MT@outer@space=\skip68
)
Package microtype Info: Loading configuration file microtype.cfg.
 (/opt/homebrew/Cellar/texlive/20260301/share/texmf-dist/tex/latex/microtype/microtype.cfg
File: microtype.cfg 2026/03/01 v3.2d microtype main configuration file (RS)
)
LaTeX Info: Redefining \microtypesetup on input line 3065.
) (/opt/homebrew/Cellar/texlive/20260301/share/texmf-dist/tex/latex/csquotes/csquotes.sty
Package: csquotes 2024-04-04 v5.2o context-sensitive quotations (JAW)
\csq@reset=\count325
\csq@gtype=\count326
\csq@glevel=\count327
\csq@qlevel=\count328
\csq@maxlvl=\count329
\csq@tshold=\count330
\csq@ltx@everypar=\toks24
 (/opt/homebrew/Cellar/texlive/20260301/share/texmf-dist/tex/latex/csquotes/csquotes.def
File: csquotes.def 2024-04-04 v5.2o csquotes generic definitions (JAW)
)
Package csquotes Info: Trying to load configuration file 'csquotes.cfg'...
Package csquotes Info: ... configuration file loaded successfully.
 (/opt/homebrew/Cellar/texlive/20260301/share/texmf-dist/tex/latex/csquotes/csquotes.cfg
File: csquotes.cfg 
)
Package csquotes Info: Enabling multilingual quotes.
) (/opt/homebrew/Cellar/texlive/20260301/share/texmf-dist/tex/latex/enumitem/enumitem.sty
Package: enumitem 2025/02/06 v3.11 Customized lists
\labelindent=\skip69
\enit@outerparindent=\dimen177
\enit@toks=\toks25
\enit@inbox=\box68
\enit@count@id=\count331
\enitdp@description=\count332
) (/opt/homebrew/Cellar/texlive/20260301/share/texmf-dist/tex/latex/biblatex/biblatex.sty
Package: biblatex 2025/07/10 v3.21 programmable bibliographies (PK/MW)
 (/opt/homebrew/Cellar/texlive/20260301/share/texmf-dist/tex/latex/logreq/logreq.sty
Package: logreq 2010/08/04 v1.0 xml request logger
\lrq@indent=\count333
 (/opt/homebrew/Cellar/texlive/20260301/share/texmf-dist/tex/latex/logreq/logreq.def
File: logreq.def 2010/08/04 v1.0 logreq spec v1.0
)) (/opt/homebrew/Cellar/texlive/20260301/share/texmf-dist/tex/latex/base/ifthen.sty
Package: ifthen 2024/03/16 v1.1e Standard LaTeX ifthen package (DPC)
)
\c@tabx@nest=\count334
\c@listtotal=\count335
\c@listcount=\count336
\c@liststart=\count337
\c@liststop=\count338
\c@citecount=\count339
\c@citetotal=\count340
\c@multicitecount=\count341
\c@multicitetotal=\count342
\c@instcount=\count343
\c@maxnames=\count344
\c@minnames=\count345
\c@maxitems=\count346
\c@minitems=\count347
\c@citecounter=\count348
\c@maxcitecounter=\count349
\c@savedcitecounter=\count350
\c@uniquelist=\count351
\c@uniquename=\count352
\c@refsection=\count353
\c@refsegment=\count354
\c@maxextratitle=\count355
\c@maxextratitleyear=\count356
\c@maxextraname=\count357
\c@maxextradate=\count358
\c@maxextraalpha=\count359
\c@abbrvpenalty=\count360
\c@highnamepenalty=\count361
\c@lownamepenalty=\count362
\c@maxparens=\count363
\c@parenlevel=\count364
\blx@tempcnta=\count365
\blx@tempcntb=\count366
\blx@tempcntc=\count367
\c@blx@maxsection=\count368
\blx@maxsegment@0=\count369
\blx@notetype=\count370
\blx@parenlevel@text=\count371
\blx@parenlevel@foot=\count372
\blx@sectionciteorder@0=\count373
\blx@sectionciteorderinternal@0=\count374
\blx@entrysetcounter=\count375
\blx@biblioinstance=\count376
\labelnumberwidth=\skip70
\labelalphawidth=\skip71
\biblabelsep=\skip72
\bibitemsep=\skip73
\bibnamesep=\skip74
\bibinitsep=\skip75
\bibparsep=\skip76
\bibhang=\skip77
\blx@bcfin=\read3
\blx@bcfout=\write3
\blx@langwohyphens=\language93
\c@mincomprange=\count377
\c@maxcomprange=\count378
\c@mincompwidth=\count379
Package biblatex Info: Trying to load biblatex default data model...
Package biblatex Info: ... file 'blx-dm.def' found.
 (/opt/homebrew/Cellar/texlive/20260301/share/texmf-dist/tex/latex/biblatex/blx-dm.def
File: blx-dm.def 2025/07/10 v3.21 biblatex datamodel (PK/MW)
)
Package biblatex Info: Trying to load biblatex custom data model...
Package biblatex Info: ... file 'biblatex-dm.cfg' not found.
\c@afterword=\count380
\c@savedafterword=\count381
\c@annotator=\count382
\c@savedannotator=\count383
\c@author=\count384
\c@savedauthor=\count385
\c@bookauthor=\count386
\c@savedbookauthor=\count387
\c@commentator=\count388
\c@savedcommentator=\count389
\c@editor=\count390
\c@savededitor=\count391
\c@editora=\count392
\c@savededitora=\count393
\c@editorb=\count394
\c@savededitorb=\count395
\c@editorc=\count396
\c@savededitorc=\count397
\c@foreword=\count398
\c@savedforeword=\count399
\c@holder=\count400
\c@savedholder=\count401
\c@introduction=\count402
\c@savedintroduction=\count403
\c@namea=\count404
\c@savednamea=\count405
\c@nameb=\count406
\c@savednameb=\count407
\c@namec=\count408
\c@savednamec=\count409
\c@translator=\count410
\c@savedtranslator=\count411
\c@shortauthor=\count412
\c@savedshortauthor=\count413
\c@shorteditor=\count414
\c@savedshorteditor=\count415
\c@labelname=\count416
\c@savedlabelname=\count417
\c@institution=\count418
\c@savedinstitution=\count419
\c@lista=\count420
\c@savedlista=\count421
\c@listb=\count422
\c@savedlistb=\count423
\c@listc=\count424
\c@savedlistc=\count425
\c@listd=\count426
\c@savedlistd=\count427
\c@liste=\count428
\c@savedliste=\count429
\c@listf=\count430
\c@savedlistf=\count431
\c@location=\count432
\c@savedlocation=\count433
\c@organization=\count434
\c@savedorganization=\count435
\c@origlocation=\count436
\c@savedoriglocation=\count437
\c@origpublisher=\count438
\c@savedorigpublisher=\count439
\c@publisher=\count440
\c@savedpublisher=\count441
\c@language=\count442
\c@savedlanguage=\count443
\c@origlanguage=\count444
\c@savedoriglanguage=\count445
\c@pageref=\count446
\c@savedpageref=\count447
\shorthandwidth=\skip78
\shortjournalwidth=\skip79
\shortserieswidth=\skip80
\shorttitlewidth=\skip81
\shortauthorwidth=\skip82
\shorteditorwidth=\skip83
\locallabelnumberwidth=\skip84
\locallabelalphawidth=\skip85
\localshorthandwidth=\skip86
\localshortjournalwidth=\skip87
\localshortserieswidth=\skip88
\localshorttitlewidth=\skip89
\localshortauthorwidth=\skip90
\localshorteditorwidth=\skip91
Package biblatex Info: Trying to load enhanced support for Unicode engines...
Package biblatex Info: ... file 'blx-unicode.def' found.
 (/opt/homebrew/Cellar/texlive/20260301/share/texmf-dist/tex/latex/biblatex/blx-unicode.def)
Package biblatex Info: Trying to load compatibility code...
Package biblatex Info: ... file 'blx-compat.def' found.
 (/opt/homebrew/Cellar/texlive/20260301/share/texmf-dist/tex/latex/biblatex/blx-compat.def
File: blx-compat.def 2025/07/10 v3.21 biblatex compatibility (PK/MW)
)
Package biblatex Info: Trying to load BibTeX backend compatibility...
Package biblatex Info: ... file 'blx-bibtex.def' found.
 (/opt/homebrew/Cellar/texlive/20260301/share/texmf-dist/tex/latex/biblatex/blx-bibtex.def
File: blx-bibtex.def 2025/07/10 v3.21 biblatex compatibility (PK/MW)


Package biblatex Warning: Using fall-back bibtex backend:
(biblatex)                functionality may be reduced/unavailable.

)
Package biblatex Info: Trying to load generic definitions...
Package biblatex Info: ... file 'biblatex.def' found.
 (/opt/homebrew/Cellar/texlive/20260301/share/texmf-dist/tex/latex/biblatex/biblatex.def
File: biblatex.def 2025/07/10 v3.21 biblatex compatibility (PK/MW)
\c@textcitecount=\count448
\c@textcitetotal=\count449
\c@textcitemaxnames=\count450
\c@biburlbigbreakpenalty=\count451
\c@biburlbreakpenalty=\count452
\c@biburlnumpenalty=\count453
\c@biburlucpenalty=\count454
\c@biburllcpenalty=\count455
\biburlbigskip=\muskip18
\biburlnumskip=\muskip19
\biburlucskip=\muskip20
\biburllcskip=\muskip21
\c@smartand=\count456
)
Package biblatex Info: Trying to load bibliography style 'numeric'...
Package biblatex Info: ... file 'numeric.bbx' found.
 (/opt/homebrew/Cellar/texlive/20260301/share/texmf-dist/tex/latex/biblatex/bbx/numeric.bbx
File: numeric.bbx 2025/07/10 v3.21 biblatex bibliography style (PK/MW)
Package biblatex Info: Trying to load bibliography style 'standard'...
Package biblatex Info: ... file 'standard.bbx' found.
 (/opt/homebrew/Cellar/texlive/20260301/share/texmf-dist/tex/latex/biblatex/bbx/standard.bbx
File: standard.bbx 2025/07/10 v3.21 biblatex bibliography style (PK/MW)
\c@bbx:relatedcount=\count457
\c@bbx:relatedtotal=\count458
))
Package biblatex Info: Trying to load citation style 'numeric'...
Package biblatex Info: ... file 'numeric.cbx' found.
 (/opt/homebrew/Cellar/texlive/20260301/share/texmf-dist/tex/latex/biblatex/cbx/numeric.cbx
File: numeric.cbx 2025/07/10 v3.21 biblatex citation style (PK/MW)
Package biblatex Info: Redefining '\cite'.
Package biblatex Info: Redefining '\parencite'.
Package biblatex Info: Redefining '\footcite'.
Package biblatex Info: Redefining '\footcitetext'.
Package biblatex Info: Redefining '\smartcite'.
Package biblatex Info: Redefining '\supercite'.
Package biblatex Info: Redefining '\textcite'.
Package biblatex Info: Redefining '\textcites'.
Package biblatex Info: Redefining '\cites'.
Package biblatex Info: Redefining '\parencites'.
Package biblatex Info: Redefining '\smartcites'.
)
Package biblatex Info: Trying to load configuration file...
Package biblatex Info: ... file 'biblatex.cfg' found.
 (/opt/homebrew/Cellar/texlive/20260301/share/texmf-dist/tex/latex/biblatex/biblatex.cfg
File: biblatex.cfg 
)
Package biblatex Info: LuaTeX detected.
(biblatex)             Assuming input encoding 'utf8'.
Package biblatex Info: Document encoding is UTF8 ....
Package biblatex Info: ... and expl3
(biblatex)             2026-01-19 L3 programming layer (loader) 
(biblatex)             is new enough (at least 2020/04/06),
(biblatex)             setting 'casechanger=expl3'.
 (/opt/homebrew/Cellar/texlive/20260301/share/texmf-dist/tex/latex/biblatex/blx-case-expl3.sty
Package: blx-case-expl3 2025/07/10 v3.21 expl3 case changing code for biblatex
)) (/opt/homebrew/Cellar/texlive/20260301/share/texmf-dist/tex/latex/tools/array.sty
Package: array 2025/09/25 v2.6n Tabular extension package (FMi)
\col@sep=\dimen178
\ar@mcellbox=\box69
\extrarowheight=\dimen179
\NC@list=\toks26
\extratabsurround=\skip92
\backup@length=\skip93
\ar@cellbox=\box70
)

Package tudapub/thesis Info: You submitted examdate data for title
(tudapub/thesis)             information.
(tudapub/thesis)             This field is only used for type=dr/drfinal.
(tudapub/thesis)             It will be ignored.

Package csquotes Info: Checking for multilingual support...
Package csquotes Info: ... found 'babel' package.

No file main.aux.

\openout1 = main.aux
LaTeX Font Info:    Checking defaults for OML/cmm/m/it on input line 113.
LaTeX Font Info:    ... okay on input line 113.
LaTeX Font Info:    Checking defaults for OMS/cmsy/m/n on input line 113.
LaTeX Font Info:    ... okay on input line 113.
LaTeX Font Info:    Checking defaults for OT1/cmr/m/n on input line 113.
LaTeX Font Info:    ... okay on input line 113.
LaTeX Font Info:    Checking defaults for T1/cmr/m/n on input line 113.
LaTeX Font Info:    ... okay on input line 113.
LaTeX Font Info:    Checking defaults for TS1/cmr/m/n on input line 113.
LaTeX Font Info:    ... okay on input line 113.
LaTeX Font Info:    Checking defaults for TU/lmr/m/n on input line 113.
LaTeX Font Info:    ... okay on input line 113.
LaTeX Font Info:    Checking defaults for OMX/cmex/m/n on input line 113.
LaTeX Font Info:    ... okay on input line 113.
LaTeX Font Info:    Checking defaults for U/cmr/m/n on input line 113.
LaTeX Font Info:    ... okay on input line 113.
LaTeX Font Info:    Checking defaults for PD1/pdf/m/n on input line 113.
LaTeX Font Info:    ... okay on input line 113.
LaTeX Font Info:    Checking defaults for PU/pdf/m/n on input line 113.
LaTeX Font Info:    ... okay on input line 113.
Package scrbase Info: activating english \abstractname on input line 113.
Package scrbase Info: activating english \partname on input line 113.
Package scrbase Info: activating english \chaptername on input line 113.
Package scrbase Info: activating english \appendixname on input line 113.
Package scrbase Info: activating english \figurename on input line 113.
Package scrbase Info: activating english \tablename on input line 113.
Package scrbase Info: activating english \contentsname on input line 113.
Package scrbase Info: activating english \listfigurename on input line 113.
Package scrbase Info: activating english \listtablename on input line 113.
Package scrbase Info: activating english \bibname on input line 113.
Package scrbase Info: activating english \indexname on input line 113.

Package fontspec Info: 
(fontspec)             Adjusting the maths setup (use [no-math] to avoid
(fontspec)             this).

\symlegacymaths=\mathgroup4
LaTeX Font Info:    Overwriting symbol font `legacymaths' in version `bold'
(Font)                  OT1/cmr/m/n --> OT1/cmr/bx/n on input line 113.
LaTeX Font Info:    Redeclaring math accent \acute on input line 113.
LaTeX Font Info:    Redeclaring math accent \grave on input line 113.
LaTeX Font Info:    Redeclaring math accent \ddot on input line 113.
LaTeX Font Info:    Redeclaring math accent \tilde on input line 113.
LaTeX Font Info:    Redeclaring math accent \bar on input line 113.
LaTeX Font Info:    Redeclaring math accent \breve on input line 113.
LaTeX Font Info:    Redeclaring math accent \check on input line 113.
LaTeX Font Info:    Redeclaring math accent \hat on input line 113.
LaTeX Font Info:    Redeclaring math accent \dot on input line 113.
LaTeX Font Info:    Redeclaring math accent \mathring on input line 113.
LaTeX Font Info:    Redeclaring math symbol \colon on input line 113.
LaTeX Font Info:    Redeclaring math symbol \Gamma on input line 113.
LaTeX Font Info:    Redeclaring math symbol \Delta on input line 113.
LaTeX Font Info:    Redeclaring math symbol \Theta on input line 113.
LaTeX Font Info:    Redeclaring math symbol \Lambda on input line 113.
LaTeX Font Info:    Redeclaring math symbol \Xi on input line 113.
LaTeX Font Info:    Redeclaring math symbol \Pi on input line 113.
LaTeX Font Info:    Redeclaring math symbol \Sigma on input line 113.
LaTeX Font Info:    Redeclaring math symbol \Upsilon on input line 113.
LaTeX Font Info:    Redeclaring math symbol \Phi on input line 113.
LaTeX Font Info:    Redeclaring math symbol \Psi on input line 113.
LaTeX Font Info:    Redeclaring math symbol \Omega on input line 113.
LaTeX Font Info:    Redeclaring math symbol \mathdollar on input line 113.
LaTeX Font Info:    Redeclaring symbol font `operators' on input line 113.
LaTeX Font Info:    Encoding `OT1' has changed to `TU' for symbol font
(Font)              `operators' in the math version `normal' on input line 113.
LaTeX Font Info:    Overwriting symbol font `operators' in version `normal'
(Font)                  OT1/cmr/m/n --> TU/XCharter(0)/m/n on input line 113.
LaTeX Font Info:    Encoding `OT1' has changed to `TU' for symbol font
(Font)              `operators' in the math version `bold' on input line 113.
LaTeX Font Info:    Overwriting symbol font `operators' in version `bold'
(Font)                  OT1/cmr/bx/n --> TU/XCharter(0)/m/n on input line 113.
LaTeX Font Info:    Overwriting symbol font `operators' in version `normal'
(Font)                  TU/XCharter(0)/m/n --> TU/XCharter(0)/m/n on input line 113.
LaTeX Font Info:    Overwriting math alphabet `\mathit' in version `normal'
(Font)                  OT1/cmr/m/it --> TU/XCharter(0)/m/it on input line 113.
LaTeX Font Info:    Overwriting math alphabet `\mathbf' in version `normal'
(Font)                  OT1/cmr/bx/n --> TU/XCharter(0)/b/n on input line 113.
LaTeX Font Info:    Overwriting math alphabet `\mathsf' in version `normal'
(Font)                  OT1/cmss/m/n --> TU/Roboto(0)/m/n on input line 113.
LaTeX Font Info:    Overwriting math alphabet `\mathtt' in version `normal'
(Font)                  OT1/cmtt/m/n --> TU/RobotoMono(0)/m/n on input line 113.
LaTeX Font Info:    Overwriting symbol font `operators' in version `bold'
(Font)                  TU/XCharter(0)/m/n --> TU/XCharter(0)/b/n on input line 113.
LaTeX Font Info:    Overwriting math alphabet `\mathit' in version `bold'
(Font)                  OT1/cmr/bx/it --> TU/XCharter(0)/b/it on input line 113.
LaTeX Font Info:    Overwriting math alphabet `\mathsf' in version `bold'
(Font)                  OT1/cmss/bx/n --> TU/Roboto(0)/b/n on input line 113.
LaTeX Font Info:    Overwriting math alphabet `\mathtt' in version `bold'
(Font)                  OT1/cmtt/m/n --> TU/RobotoMono(0)/b/n on input line 113.
(/opt/homebrew/Cellar/texlive/20260301/share/texmf-dist/tex/context/base/mkii/supp-pdf.mkii
[Loading MPS to PDF converter (version 2006.09.02).]
\scratchcounter=\count459
\scratchdimen=\dimen180
\scratchbox=\box71
\nofMPsegments=\count460
\nofMParguments=\count461
\everyMPshowfont=\toks27
\MPscratchCnt=\count462
\MPscratchDim=\dimen181
\MPnumerator=\count463
\makeMPintoPDFobject=\count464
\everyMPtoPDFconversion=\toks28
) (/opt/homebrew/Cellar/texlive/20260301/share/texmf-dist/tex/latex/epstopdf-pkg/epstopdf-base.sty
Package: epstopdf-base 2020-01-24 v2.11 Base part for package epstopdf
Package epstopdf-base Info: Redefining graphics rule for `.eps' on input line 485.
 (/opt/homebrew/Cellar/texlive/20260301/share/texmf-dist/tex/latex/latexconfig/epstopdf-sys.cfg
File: epstopdf-sys.cfg 2010/07/13 v1.3 Configuration of (r)epstopdf for TeX Live
))
Package hyperref Info: Link coloring OFF on input line 113.
\ptxcd_headrule_box=\box72
Package babel Info: 'english' activates 'german' shorthands.
(babel)             Reported on input line 113.
Package scrbase Info: activating english \ptxcd_byname on input line 113.
Package scrbase Info: activating english \ptxcd_fromname on input line 113.
Package scrbase Info: activating english \ptxcd_departmentprefix: on input line 113.
Package scrbase Info: activating english \ptxcd_reviewname on input line 113.
Package scrbase Info: activating english \ptxcd_examdatename on input line 113.
Package scrbase Info: activating english \ptxcd_submissiondatename on input line 113.
Package scrbase Info: activating english \ptxcd_studentIDname on input line 113.
Package scrbase Info: activating english \ptxcd_thesisType on input line 113.
Package scrbase Info: activating english \g__ptxcd_cc_attr_by: on input line 113.
Package scrbase Info: activating english \g__ptxcd_cc_attr_nc: on input line 113.
Package scrbase Info: activating english \g__ptxcd_cc_attr_sa: on input line 113.
Package scrbase Info: activating english \g__ptxcd_cc_attr_nd: on input line 113.
Package scrbase Info: activating english \g__ptxcd_cc_intro: on input line 113.
Package scrbase Info: activating english \g__ptxcd_cc_sep: on input line 113.
Package scrbase Info: activating english \researchgroupname on input line 113.
Package scrbase Info: activating english \institutename on input line 113.
Package scrbase Info: activating english \authorandname on input line 113.
Package scrbase Info: activating english \ptxcd_datename on input line 113.
LaTeX Info: Redefining \microtypecontext on input line 113.
Package microtype Info: Applying patch `item' on input line 113.
Package microtype Info: Applying patch `toc' on input line 113.
Package microtype Info: Applying patch `eqnum' on input line 113.
Package microtype Info: Applying patch `footnote' on input line 113.
Package microtype Info: Applying patch `verbatim' on input line 113.
LaTeX Info: Redefining \microtypesetup on input line 113.
Package microtype Info: Generating PDF output.
Package microtype Info: Character protrusion enabled (level 2).
Package microtype Info: Using default protrusion set `alltext'.
Package microtype Info: Automatic font expansion enabled (level 2),
(microtype)             stretch: 20, shrink: 20, step: 1, non-selected.
Package microtype Info: Using default expansion set `alltext-nott'.
Package microtype Info: Patching command `\showhyphens'.
Package microtype Info: No adjustment of tracking.
Package microtype Info: No adjustment of spacing.
Package microtype Info: No adjustment of kerning.
Package microtype Info: Loading generic protrusion settings for font family
(microtype)             `XCharter' (encoding: TU).
(microtype)             For optimal results, create family-specific settings.
(microtype)             See the microtype manual for details.
Package biblatex Info: Trying to load language 'english'...
Package biblatex Info: ... file 'english.lbx' found.
 (/opt/homebrew/Cellar/texlive/20260301/share/texmf-dist/tex/latex/biblatex/lbx/english.lbx
File: english.lbx 2025/07/10 v3.21 biblatex localization (PK/MW)
)
Package biblatex Info: Trying to load language 'german'...
Package biblatex Info: ... file 'german.lbx' found.
 (/opt/homebrew/Cellar/texlive/20260301/share/texmf-dist/tex/latex/biblatex/lbx/german.lbx
File: german.lbx 2025/07/10 v3.21 biblatex localization (PK/MW)
)
Package biblatex Info: LuaTeX detected.
(biblatex)             Assuming input encoding 'utf8'.
Package biblatex Info: Automatic encoding selection.
(biblatex)             Assuming data encoding 'utf8'.
Package biblatex Info: LuaTeX detected.
(biblatex)             Assuming input encoding 'utf8'.
Package biblatex Info: Data encoding 'utf8' specified.
(biblatex)             No need to reencode data.

\openout3 = main-blx.bib
Package biblatex Info: Trying to load bibliographic data...
Package biblatex Info: ... file 'main.bbl' not found.

No file main.bbl.
Package biblatex Info: Reference section=0 on input line 113.
Package biblatex Info: Reference segment=0 on input line 113.
<<sRGB.icc>>
\g__cctab_next_cctab=\catcodetable17
Package scrbase Info: activating english \ptxcd_department: on input line 123.
Package scrbase Info: activating english \departmentname on input line 123.
Package scrbase Info: activating english \departmentfullname on input line 123.
Package scrbase Info: activating english \ptxcd_departmentprefix: on input line 123.
Package scrbase Info: activating english \ptxcd_in_department on input line 123.
LaTeX Font Info:    Font shape `TU/Roboto(0)/m/n' will be
(Font)              scaled to size 10.95pt on input line 123.
Package microtype Info: Loading generic protrusion settings for font family
(microtype)             `Roboto' (encoding: TU).
(microtype)             For optimal results, create family-specific settings.
(microtype)             See the microtype manual for details.
LaTeX Font Info:    Font shape `TU/Roboto(0)/b/n' will be
(Font)              scaled to size 10.95pt on input line 123.
LaTeX Font Info:    Font shape `TU/Roboto(0)/b/n' will be
(Font)              scaled to size 36.0pt on input line 123.
LaTeX Font Info:    Font shape `TU/Roboto(9)/m/n' will be
(Font)              scaled to size 10.95pt on input line 123.
LaTeX Font Info:    Font shape `TU/Roboto(9)/m/n' will be
(Font)              scaled to size 12.0pt on input line 123.
LaTeX Font Info:    Font shape `TU/Roboto(9)/b/n' will be
(Font)              scaled to size 12.0pt on input line 123.
<tuda_logo.pdf, id=9, 156.48964pt x 62.59586pt>
File: tuda_logo.pdf Graphic file (type pdf)
<use tuda_logo.pdf>
Package luatex.def Info: tuda_logo.pdf  used on input line 123.
(luatex.def)             Requested size: 156.49402pt x 62.59605pt.
LaTeX Font Info:    External font `cmex10' loaded for size
(Font)              <10.95> on input line 123.
LaTeX Font Info:    External font `cmex10' loaded for size
(Font)              <8> on input line 123.
LaTeX Font Info:    External font `cmex10' loaded for size
(Font)              <6> on input line 123.
 (/opt/homebrew/Cellar/texlive/20260301/share/texmf-dist/tex/latex/microtype/mt-cmr.cfg
File: mt-cmr.cfg 2013/05/19 v2.2 microtype config. file: Computer Modern Roman (RS)
)
LaTeX Font Info:    Font shape `TU/Roboto(0)/m/n' will be
(Font)              scaled to size 10.0pt on input line 123.
 [1{/opt/homebrew/Cellar/texlive/20260301/share/texmf-dist/fonts/map/pdftex/updmap/pdftex.map}






<./tuda_logo.pdf>]
Package typearea Info: These are the values describing the layout:
(typearea)             DIV  = 10
(typearea)             BCOR = 0.0pt
(typearea)             \paperwidth      = 597.50793pt
(typearea)              \textwidth      = 418.25555pt
(typearea)              DIV departure   = -7%
(typearea)              \evensidemargin = 17.3562pt
(typearea)              \oddsidemargin  = 17.3562pt
(typearea)             \paperheight     = 845.04694pt
(typearea)              \textheight     = 514.20023pt
(typearea)              \topmargin      = 12.2347pt
(typearea)              \headheight     = 17.0pt
(typearea)              \headsep        = 20.40001pt
(typearea)              \topskip        = 11.0pt
(typearea)              \footskip       = 47.6pt
(typearea)              \baselineskip   = 13.6pt
(typearea)              on input line 123.
Package typearea Info: Using dirty hack to recalculate internal output
(typearea)             dimensions of LaTeX on input line 123.
LaTeX Font Info:    Font shape `TU/Roboto(0)/b/n' will be
(Font)              scaled to size 20.74pt on input line 124.
Package tocbasic Info: character protrusion at toc deactivated on input line 124.

No file main.toc.
\tf@toc=\write4

\openout4 = main.toc
(./chapter/01_introduction.tex
LaTeX Font Info:    External font `cmex10' loaded for size
(Font)              <7> on input line 1.
LaTeX Font Info:    External font `cmex10' loaded for size
(Font)              <5> on input line 1.
 [2




]
chapter 1.
LaTeX Font Info:    Font shape `TU/Roboto(0)/b/n' will be
(Font)              scaled to size 14.4pt on input line 9.
LaTeX Font Info:    External font `cmex10' loaded for size
(Font)              <14.4> on input line 9.
LaTeX Font Info:    Font shape `TU/Roboto(0)/b/n' will be
(Font)              scaled to size 12.0pt on input line 10.

LaTeX Warning: Citation 'chenAreWeTrack2025' on page 3 undefined on input line 13.

[3

] [4] [5] [6]) (./chapter/02_theoretical-foundations.tex [7]
chapter 2.
) (./chapter/03_empirical-analysis-of-facilitating-strategies.tex [8

] [9]
chapter 3.
) (./chapter/04_system-design-and-implementation.tex [10

]
chapter 4.
) (./chapter/05_empirical-validation.tex [11

]
chapter 5.
)

LaTeX Warning: Citation 'tuda-ci' on page 12 undefined on input line 137.

[12

]

LaTeX Warning: Empty bibliography on input line 139.

[13]
chapter 6.
(./annex/questionnaire-facilitators.tex [14

])

Package tudapub Warning: You did not provide a Label for key introduction.
(tudapub)                Either you need to recompile your document or add a
(tudapub)                label using \IMRADlabel.


Package tudapub Warning: You did not provide a Label for key methods.
(tudapub)                Either you need to recompile your document or add a
(tudapub)                label using \IMRADlabel.


Package tudapub Warning: You did not provide a Label for key results.
(tudapub)                Either you need to recompile your document or add a
(tudapub)                label using \IMRADlabel.


Package tudapub Warning: You did not provide a Label for key discussion.
(tudapub)                Either you need to recompile your document or add a
(tudapub)                label using \IMRADlabel.

[15] (./main.aux)
 ***********
LaTeX2e <2025-11-01>
L3 programming layer <2026-01-19>
 ***********


LaTeX Warning: There were undefined references.


Package biblatex Warning: Please (re)run BibTeX on the file(s):
(biblatex)                main
(biblatex)                and rerun LaTeX afterwards.

Package logreq Info: Writing requests to 'main.run.xml'.

\openout1 = main.run.xml
)

Here is how much of LuaTeX's memory you used:
 33908 strings out of 476076
 100000,1977958 words of node,token memory allocated
 7041 words of node memory still in use:
   80 hlist, 8 vlist, 13 rule, 43 disc, 21 local_par, 6 math, 171 glue, 31 kern, 33 penalty, 3 margin_kern, 398 glyph, 237 attribute, 66 glue_spec, 124 attribute_list, 1 write, 28 pdf_colorstack, 1 pdf_setmatrix, 1 pdf_save, 1 pdf_restore nodes
   avail lists: 1:4,2:1019,3:282,4:112,5:783,6:106,7:6240,8:1,9:520,10:15,11:585,12:1
 55706 multiletter control sequences out of 65536+600000
 117 fonts using 17694911 bytes
 122i,19n,135p,11303b,1805s stack positions out of 10000i,1000n,20000p,200000b,200000s
</opt/homebrew/Cellar/texlive/20260301/share/texmf-dist/fonts/opentype/public/xcharter/XCharter-Italic.otf></opt/homebrew/Cellar/texlive/20260301/share/texmf-dist/fonts/opentype/public/xcharter/XCharter-Bold.otf></opt/homebrew/Cellar/texlive/20260301/share/texmf-dist/fonts/opentype/public/xcharter/XCharter-Roman.otf></opt/homebrew/Cellar/texlive/20260301/share/texmf-dist/fonts/opentype/google/roboto/Roboto-Bold.otf></opt/homebrew/Cellar/texlive/20260301/share/texmf-dist/fonts/opentype/google/roboto/Roboto-Regular.otf>
Output written on main.pdf (15 pages, 584595 bytes).

PDF statistics: 367 PDF objects out of 1000 (max. 8388607)
 329 compressed objects within 4 object streams
 89 named destinations out of 1000 (max. 1048576)
 490 words of extra memory for PDF output out of 10000 (max. 100000000)

